<?xml version="1.0" encoding="UTF-8"?><gpx creator="Wikiloc - https://www.wikiloc.com" version="1.1" xmlns="http://www.topografix.com/GPX/1/1" xmlns:xsi="http://www.w3.org/2001/XMLSchema-instance" xsi:schemaLocation="http://www.topografix.com/GPX/1/1 http://www.topografix.com/GPX/1/1/gpx.xsd"><metadata><name>Wikiloc - O Milladoiro - Santiago de Compostela (última etapa Camino de Santiago)</name><author><name>juanignaciosalvador</name><link href="https://www.wikiloc.com/wikiloc/user.do?id=195945"><text>juanignaciosalvador on Wikiloc</text></link></author><link href="https://www.wikiloc.com/hiking-trails/o-milladoiro-santiago-de-compostela-ultima-etapa-camino-de-santiago-83849463"><text>O Milladoiro - Santiago de Compostela (última etapa Camino de Santiago) on Wikiloc</text></link><time>2021-09-14T14:37:20Z</time></metadata><trk><name>O Milladoiro - Santiago de Compostela (última etapa Camino d...</name><cmt></cmt><desc></desc><trkseg><trkpt lat="42.846942" lon="-8.581935"><ele>248.013</ele><time>2021-09-14T14:04:19Z</time></trkpt><trkpt lat="42.846987" lon="-8.581937"><ele>247.943</ele><time>2021-09-14T14:07:17Z</time></trkpt><trkpt lat="42.847035" lon="-8.581927"><ele>247.907</ele><time>2021-09-14T14:07:23Z</time></trkpt><trkpt lat="42.847082" lon="-8.581953"><ele>247.908</ele><time>2021-09-14T14:07:40Z</time></trkpt><trkpt lat="42.847131" lon="-8.581973"><ele>248.039</ele><time>2021-09-14T14:07:50Z</time></trkpt><trkpt lat="42.847163" lon="-8.582036"><ele>248.074</ele><time>2021-09-14T14:07:57Z</time></trkpt><trkpt lat="42.847205" lon="-8.582094"><ele>247.889</ele><time>2021-09-14T14:08:02Z</time></trkpt><trkpt lat="42.847239" lon="-8.582156"><ele>247.665</ele><time>2021-09-14T14:08:06Z</time></trkpt><trkpt lat="42.847274" lon="-8.582195"><ele>247.690</ele><time>2021-09-14T14:08:10Z</time></trkpt><trkpt lat="42.847309" lon="-8.582242"><ele>247.525</ele><time>2021-09-14T14:08:14Z</time></trkpt><trkpt lat="42.847343" lon="-8.582298"><ele>247.567</ele><time>2021-09-14T14:08:19Z</time></trkpt><trkpt lat="42.847376" lon="-8.582340"><ele>247.314</ele><time>2021-09-14T14:08:23Z</time></trkpt><trkpt lat="42.847411" lon="-8.582389"><ele>247.398</ele><time>2021-09-14T14:08:28Z</time></trkpt><trkpt lat="42.847451" lon="-8.582443"><ele>247.015</ele><time>2021-09-14T14:08:33Z</time></trkpt><trkpt lat="42.847487" lon="-8.582496"><ele>246.926</ele><time>2021-09-14T14:08:38Z</time></trkpt><trkpt lat="42.847517" lon="-8.582546"><ele>246.608</ele><time>2021-09-14T14:08:43Z</time></trkpt><trkpt lat="42.847545" lon="-8.582596"><ele>246.457</ele><time>2021-09-14T14:08:48Z</time></trkpt><trkpt lat="42.847597" lon="-8.582611"><ele>246.252</ele><time>2021-09-14T14:08:52Z</time></trkpt><trkpt lat="42.847654" lon="-8.582609"><ele>246.017</ele><time>2021-09-14T14:08:56Z</time></trkpt><trkpt lat="42.847704" lon="-8.582625"><ele>246.013</ele><time>2021-09-14T14:09:01Z</time></trkpt><trkpt lat="42.847747" lon="-8.582654"><ele>245.948</ele><time>2021-09-14T14:09:06Z</time></trkpt><trkpt lat="42.847796" lon="-8.582662"><ele>245.893</ele><time>2021-09-14T14:09:11Z</time></trkpt><trkpt lat="42.847841" lon="-8.582679"><ele>245.625</ele><time>2021-09-14T14:09:16Z</time></trkpt><trkpt lat="42.847888" lon="-8.582671"><ele>245.412</ele><time>2021-09-14T14:09:21Z</time></trkpt><trkpt lat="42.847934" lon="-8.582665"><ele>245.221</ele><time>2021-09-14T14:09:27Z</time></trkpt><trkpt lat="42.847957" lon="-8.582608"><ele>245.241</ele><time>2021-09-14T14:10:14Z</time></trkpt><trkpt lat="42.848371" lon="-8.583086"><ele>246.605</ele><time>2021-09-14T14:39:12Z</time></trkpt><trkpt lat="42.848320" lon="-8.583070"><ele>246.408</ele><time>2021-09-14T14:39:42Z</time></trkpt><trkpt lat="42.848280" lon="-8.583041"><ele>246.410</ele><time>2021-09-14T14:39:46Z</time></trkpt><trkpt lat="42.848241" lon="-8.582999"><ele>246.455</ele><time>2021-09-14T14:39:51Z</time></trkpt><trkpt lat="42.848207" lon="-8.582955"><ele>246.450</ele><time>2021-09-14T14:39:56Z</time></trkpt><trkpt lat="42.848167" lon="-8.582907"><ele>246.436</ele><time>2021-09-14T14:40:01Z</time></trkpt><trkpt lat="42.848137" lon="-8.582850"><ele>246.561</ele><time>2021-09-14T14:40:22Z</time></trkpt><trkpt lat="42.848096" lon="-8.582802"><ele>246.636</ele><time>2021-09-14T14:40:30Z</time></trkpt><trkpt lat="42.848054" lon="-8.582766"><ele>246.788</ele><time>2021-09-14T14:40:36Z</time></trkpt><trkpt lat="42.848017" lon="-8.582726"><ele>246.745</ele><time>2021-09-14T14:40:40Z</time></trkpt><trkpt lat="42.847974" lon="-8.582691"><ele>246.863</ele><time>2021-09-14T14:40:45Z</time></trkpt><trkpt lat="42.847931" lon="-8.582647"><ele>247.044</ele><time>2021-09-14T14:40:50Z</time></trkpt><trkpt lat="42.847892" lon="-8.582607"><ele>247.218</ele><time>2021-09-14T14:40:55Z</time></trkpt><trkpt lat="42.847864" lon="-8.582554"><ele>247.308</ele><time>2021-09-14T14:40:59Z</time></trkpt><trkpt lat="42.847832" lon="-8.582490"><ele>247.474</ele><time>2021-09-14T14:41:05Z</time></trkpt><trkpt lat="42.847831" lon="-8.582421"><ele>247.619</ele><time>2021-09-14T14:41:11Z</time></trkpt><trkpt lat="42.847857" lon="-8.582359"><ele>247.754</ele><time>2021-09-14T14:41:16Z</time></trkpt><trkpt lat="42.847886" lon="-8.582305"><ele>247.830</ele><time>2021-09-14T14:41:21Z</time></trkpt><trkpt lat="42.847926" lon="-8.582260"><ele>248.175</ele><time>2021-09-14T14:41:27Z</time></trkpt><trkpt lat="42.847962" lon="-8.582218"><ele>248.170</ele><time>2021-09-14T14:41:32Z</time></trkpt><trkpt lat="42.847994" lon="-8.582174"><ele>248.152</ele><time>2021-09-14T14:41:36Z</time></trkpt><trkpt lat="42.848041" lon="-8.582127"><ele>248.189</ele><time>2021-09-14T14:41:42Z</time></trkpt><trkpt lat="42.848085" lon="-8.582089"><ele>247.934</ele><time>2021-09-14T14:41:48Z</time></trkpt><trkpt lat="42.848111" lon="-8.582019"><ele>247.855</ele><time>2021-09-14T14:41:53Z</time></trkpt><trkpt lat="42.848129" lon="-8.581949"><ele>247.810</ele><time>2021-09-14T14:41:59Z</time></trkpt><trkpt lat="42.848139" lon="-8.581882"><ele>247.708</ele><time>2021-09-14T14:42:04Z</time></trkpt><trkpt lat="42.848150" lon="-8.581819"><ele>247.731</ele><time>2021-09-14T14:42:09Z</time></trkpt><trkpt lat="42.848174" lon="-8.581765"><ele>247.856</ele><time>2021-09-14T14:42:14Z</time></trkpt><trkpt lat="42.848209" lon="-8.581725"><ele>247.961</ele><time>2021-09-14T14:42:19Z</time></trkpt><trkpt lat="42.848243" lon="-8.581672"><ele>248.167</ele><time>2021-09-14T14:42:26Z</time></trkpt><trkpt lat="42.848288" lon="-8.581635"><ele>248.452</ele><time>2021-09-14T14:42:32Z</time></trkpt><trkpt lat="42.848324" lon="-8.581585"><ele>248.517</ele><time>2021-09-14T14:42:37Z</time></trkpt><trkpt lat="42.848359" lon="-8.581527"><ele>248.859</ele><time>2021-09-14T14:42:42Z</time></trkpt><trkpt lat="42.848412" lon="-8.581512"><ele>249.056</ele><time>2021-09-14T14:42:49Z</time></trkpt><trkpt lat="42.848456" lon="-8.581544"><ele>249.331</ele><time>2021-09-14T14:42:52Z</time></trkpt><trkpt lat="42.848498" lon="-8.581488"><ele>249.561</ele><time>2021-09-14T14:42:57Z</time></trkpt><trkpt lat="42.848518" lon="-8.581415"><ele>249.507</ele><time>2021-09-14T14:43:01Z</time></trkpt><trkpt lat="42.848521" lon="-8.581349"><ele>249.608</ele><time>2021-09-14T14:43:05Z</time></trkpt><trkpt lat="42.848546" lon="-8.581281"><ele>249.621</ele><time>2021-09-14T14:43:11Z</time></trkpt><trkpt lat="42.848560" lon="-8.581209"><ele>249.956</ele><time>2021-09-14T14:43:16Z</time></trkpt><trkpt lat="42.848585" lon="-8.581146"><ele>250.351</ele><time>2021-09-14T14:43:21Z</time></trkpt><trkpt lat="42.848603" lon="-8.581072"><ele>250.417</ele><time>2021-09-14T14:43:26Z</time></trkpt><trkpt lat="42.848622" lon="-8.581008"><ele>250.652</ele><time>2021-09-14T14:43:31Z</time></trkpt><trkpt lat="42.848638" lon="-8.580941"><ele>250.917</ele><time>2021-09-14T14:43:36Z</time></trkpt><trkpt lat="42.848651" lon="-8.580873"><ele>251.049</ele><time>2021-09-14T14:43:41Z</time></trkpt><trkpt lat="42.848664" lon="-8.580804"><ele>251.256</ele><time>2021-09-14T14:43:46Z</time></trkpt><trkpt lat="42.848677" lon="-8.580732"><ele>251.352</ele><time>2021-09-14T14:43:51Z</time></trkpt><trkpt lat="42.848680" lon="-8.580660"><ele>251.453</ele><time>2021-09-14T14:43:56Z</time></trkpt><trkpt lat="42.848681" lon="-8.580587"><ele>251.608</ele><time>2021-09-14T14:44:02Z</time></trkpt><trkpt lat="42.848670" lon="-8.580514"><ele>251.808</ele><time>2021-09-14T14:44:07Z</time></trkpt><trkpt lat="42.848661" lon="-8.580446"><ele>252.033</ele><time>2021-09-14T14:44:12Z</time></trkpt><trkpt lat="42.848640" lon="-8.580377"><ele>252.128</ele><time>2021-09-14T14:44:17Z</time></trkpt><trkpt lat="42.848632" lon="-8.580307"><ele>252.333</ele><time>2021-09-14T14:44:22Z</time></trkpt><trkpt lat="42.848614" lon="-8.580249"><ele>252.519</ele><time>2021-09-14T14:44:26Z</time></trkpt><trkpt lat="42.848600" lon="-8.580190"><ele>252.694</ele><time>2021-09-14T14:44:31Z</time></trkpt><trkpt lat="42.848585" lon="-8.580124"><ele>252.679</ele><time>2021-09-14T14:44:36Z</time></trkpt><trkpt lat="42.848582" lon="-8.580062"><ele>252.611</ele><time>2021-09-14T14:44:42Z</time></trkpt><trkpt lat="42.848581" lon="-8.579997"><ele>252.638</ele><time>2021-09-14T14:45:02Z</time></trkpt><trkpt lat="42.848599" lon="-8.579931"><ele>252.664</ele><time>2021-09-14T14:45:13Z</time></trkpt><trkpt lat="42.848633" lon="-8.579877"><ele>252.506</ele><time>2021-09-14T14:45:18Z</time></trkpt><trkpt lat="42.848656" lon="-8.579807"><ele>252.516</ele><time>2021-09-14T14:45:23Z</time></trkpt><trkpt lat="42.848686" lon="-8.579753"><ele>252.408</ele><time>2021-09-14T14:45:28Z</time></trkpt><trkpt lat="42.848725" lon="-8.579701"><ele>252.024</ele><time>2021-09-14T14:45:32Z</time></trkpt><trkpt lat="42.848765" lon="-8.579655"><ele>251.189</ele><time>2021-09-14T14:45:39Z</time></trkpt><trkpt lat="42.848801" lon="-8.579614"><ele>250.624</ele><time>2021-09-14T14:45:44Z</time></trkpt><trkpt lat="42.848835" lon="-8.579558"><ele>250.350</ele><time>2021-09-14T14:45:51Z</time></trkpt><trkpt lat="42.848892" lon="-8.579536"><ele>249.855</ele><time>2021-09-14T14:45:56Z</time></trkpt><trkpt lat="42.848934" lon="-8.579509"><ele>249.340</ele><time>2021-09-14T14:46:02Z</time></trkpt><trkpt lat="42.848972" lon="-8.579437"><ele>248.632</ele><time>2021-09-14T14:46:06Z</time></trkpt><trkpt lat="42.849000" lon="-8.579389"><ele>248.339</ele><time>2021-09-14T14:46:09Z</time></trkpt><trkpt lat="42.849031" lon="-8.579331"><ele>247.576</ele><time>2021-09-14T14:46:15Z</time></trkpt><trkpt lat="42.849052" lon="-8.579266"><ele>246.990</ele><time>2021-09-14T14:46:20Z</time></trkpt><trkpt lat="42.849062" lon="-8.579194"><ele>245.819</ele><time>2021-09-14T14:46:26Z</time></trkpt><trkpt lat="42.849054" lon="-8.579126"><ele>245.008</ele><time>2021-09-14T14:46:31Z</time></trkpt><trkpt lat="42.849044" lon="-8.579064"><ele>244.745</ele><time>2021-09-14T14:46:36Z</time></trkpt><trkpt lat="42.849041" lon="-8.579001"><ele>243.570</ele><time>2021-09-14T14:46:41Z</time></trkpt><trkpt lat="42.849046" lon="-8.578927"><ele>243.095</ele><time>2021-09-14T14:46:45Z</time></trkpt><trkpt lat="42.849058" lon="-8.578846"><ele>241.931</ele><time>2021-09-14T14:46:50Z</time></trkpt><trkpt lat="42.849099" lon="-8.578811"><ele>240.666</ele><time>2021-09-14T14:46:56Z</time></trkpt><trkpt lat="42.849138" lon="-8.578764"><ele>239.771</ele><time>2021-09-14T14:47:01Z</time></trkpt><trkpt lat="42.849163" lon="-8.578697"><ele>238.583</ele><time>2021-09-14T14:47:06Z</time></trkpt><trkpt lat="42.849179" lon="-8.578635"><ele>238.090</ele><time>2021-09-14T14:47:09Z</time></trkpt><trkpt lat="42.849192" lon="-8.578574"><ele>237.812</ele><time>2021-09-14T14:47:12Z</time></trkpt><trkpt lat="42.849216" lon="-8.578512"><ele>237.332</ele><time>2021-09-14T14:47:16Z</time></trkpt><trkpt lat="42.849239" lon="-8.578457"><ele>236.905</ele><time>2021-09-14T14:47:21Z</time></trkpt><trkpt lat="42.849279" lon="-8.578408"><ele>236.708</ele><time>2021-09-14T14:47:27Z</time></trkpt><trkpt lat="42.849320" lon="-8.578379"><ele>236.679</ele><time>2021-09-14T14:47:34Z</time></trkpt><trkpt lat="42.849319" lon="-8.578309"><ele>236.574</ele><time>2021-09-14T14:47:39Z</time></trkpt><trkpt lat="42.849304" lon="-8.578237"><ele>236.569</ele><time>2021-09-14T14:47:44Z</time></trkpt><trkpt lat="42.849276" lon="-8.578174"><ele>236.495</ele><time>2021-09-14T14:47:49Z</time></trkpt><trkpt lat="42.849234" lon="-8.578123"><ele>236.380</ele><time>2021-09-14T14:47:55Z</time></trkpt><trkpt lat="42.849207" lon="-8.578063"><ele>236.255</ele><time>2021-09-14T14:48:00Z</time></trkpt><trkpt lat="42.849173" lon="-8.578007"><ele>235.187</ele><time>2021-09-14T14:48:04Z</time></trkpt><trkpt lat="42.849142" lon="-8.577963"><ele>234.734</ele><time>2021-09-14T14:48:08Z</time></trkpt><trkpt lat="42.849109" lon="-8.577916"><ele>234.178</ele><time>2021-09-14T14:48:12Z</time></trkpt><trkpt lat="42.849078" lon="-8.577856"><ele>233.933</ele><time>2021-09-14T14:48:17Z</time></trkpt><trkpt lat="42.849045" lon="-8.577793"><ele>233.326</ele><time>2021-09-14T14:48:22Z</time></trkpt><trkpt lat="42.849022" lon="-8.577731"><ele>232.708</ele><time>2021-09-14T14:48:27Z</time></trkpt><trkpt lat="42.849009" lon="-8.577671"><ele>232.575</ele><time>2021-09-14T14:48:33Z</time></trkpt><trkpt lat="42.848990" lon="-8.577610"><ele>232.370</ele><time>2021-09-14T14:48:37Z</time></trkpt><trkpt lat="42.848971" lon="-8.577539"><ele>232.255</ele><time>2021-09-14T14:48:42Z</time></trkpt><trkpt lat="42.848964" lon="-8.577472"><ele>232.111</ele><time>2021-09-14T14:48:46Z</time></trkpt><trkpt lat="42.848948" lon="-8.577413"><ele>231.986</ele><time>2021-09-14T14:48:51Z</time></trkpt><trkpt lat="42.848957" lon="-8.577352"><ele>231.851</ele><time>2021-09-14T14:48:56Z</time></trkpt><trkpt lat="42.848985" lon="-8.577277"><ele>231.753</ele><time>2021-09-14T14:49:00Z</time></trkpt><trkpt lat="42.849023" lon="-8.577229"><ele>231.740</ele><time>2021-09-14T14:49:04Z</time></trkpt><trkpt lat="42.849061" lon="-8.577183"><ele>231.732</ele><time>2021-09-14T14:49:08Z</time></trkpt><trkpt lat="42.849093" lon="-8.577138"><ele>231.792</ele><time>2021-09-14T14:49:12Z</time></trkpt><trkpt lat="42.849120" lon="-8.577086"><ele>231.711</ele><time>2021-09-14T14:49:15Z</time></trkpt><trkpt lat="42.849149" lon="-8.577025"><ele>231.708</ele><time>2021-09-14T14:49:19Z</time></trkpt><trkpt lat="42.849189" lon="-8.576991"><ele>231.731</ele><time>2021-09-14T14:49:23Z</time></trkpt><trkpt lat="42.849235" lon="-8.576954"><ele>231.886</ele><time>2021-09-14T14:49:27Z</time></trkpt><trkpt lat="42.849282" lon="-8.576926"><ele>231.871</ele><time>2021-09-14T14:49:31Z</time></trkpt><trkpt lat="42.849315" lon="-8.576883"><ele>231.847</ele><time>2021-09-14T14:49:34Z</time></trkpt><trkpt lat="42.849361" lon="-8.576871"><ele>231.982</ele><time>2021-09-14T14:49:38Z</time></trkpt><trkpt lat="42.849403" lon="-8.576840"><ele>231.957</ele><time>2021-09-14T14:49:42Z</time></trkpt><trkpt lat="42.849448" lon="-8.576826"><ele>231.969</ele><time>2021-09-14T14:49:46Z</time></trkpt><trkpt lat="42.849492" lon="-8.576803"><ele>231.976</ele><time>2021-09-14T14:49:49Z</time></trkpt><trkpt lat="42.849541" lon="-8.576786"><ele>231.932</ele><time>2021-09-14T14:49:53Z</time></trkpt><trkpt lat="42.849591" lon="-8.576799"><ele>231.992</ele><time>2021-09-14T14:49:57Z</time></trkpt><trkpt lat="42.849650" lon="-8.576799"><ele>231.811</ele><time>2021-09-14T14:50:02Z</time></trkpt><trkpt lat="42.849710" lon="-8.576826"><ele>231.708</ele><time>2021-09-14T14:50:05Z</time></trkpt><trkpt lat="42.849760" lon="-8.576859"><ele>231.691</ele><time>2021-09-14T14:50:10Z</time></trkpt><trkpt lat="42.849808" lon="-8.576877"><ele>231.566</ele><time>2021-09-14T14:50:14Z</time></trkpt><trkpt lat="42.849852" lon="-8.576893"><ele>231.271</ele><time>2021-09-14T14:50:19Z</time></trkpt><trkpt lat="42.849905" lon="-8.576894"><ele>230.957</ele><time>2021-09-14T14:50:24Z</time></trkpt><trkpt lat="42.849961" lon="-8.576890"><ele>230.432</ele><time>2021-09-14T14:50:28Z</time></trkpt><trkpt lat="42.850022" lon="-8.576881"><ele>230.117</ele><time>2021-09-14T14:50:32Z</time></trkpt><trkpt lat="42.850079" lon="-8.576866"><ele>229.579</ele><time>2021-09-14T14:50:37Z</time></trkpt><trkpt lat="42.850125" lon="-8.576874"><ele>229.056</ele><time>2021-09-14T14:50:41Z</time></trkpt><trkpt lat="42.850173" lon="-8.576899"><ele>228.987</ele><time>2021-09-14T14:50:44Z</time></trkpt><trkpt lat="42.850227" lon="-8.576919"><ele>228.842</ele><time>2021-09-14T14:50:48Z</time></trkpt><trkpt lat="42.850278" lon="-8.576939"><ele>228.626</ele><time>2021-09-14T14:50:52Z</time></trkpt><trkpt lat="42.850326" lon="-8.576955"><ele>228.508</ele><time>2021-09-14T14:50:56Z</time></trkpt><trkpt lat="42.850375" lon="-8.576961"><ele>228.486</ele><time>2021-09-14T14:51:00Z</time></trkpt><trkpt lat="42.850425" lon="-8.576970"><ele>228.381</ele><time>2021-09-14T14:51:04Z</time></trkpt><trkpt lat="42.850473" lon="-8.576985"><ele>228.346</ele><time>2021-09-14T14:51:08Z</time></trkpt><trkpt lat="42.850524" lon="-8.576980"><ele>228.392</ele><time>2021-09-14T14:51:12Z</time></trkpt><trkpt lat="42.850579" lon="-8.576986"><ele>228.297</ele><time>2021-09-14T14:51:16Z</time></trkpt><trkpt lat="42.850631" lon="-8.577003"><ele>228.132</ele><time>2021-09-14T14:51:20Z</time></trkpt><trkpt lat="42.850676" lon="-8.577017"><ele>228.124</ele><time>2021-09-14T14:51:23Z</time></trkpt><trkpt lat="42.850721" lon="-8.577044"><ele>228.191</ele><time>2021-09-14T14:51:27Z</time></trkpt><trkpt lat="42.850760" lon="-8.577079"><ele>228.192</ele><time>2021-09-14T14:51:31Z</time></trkpt><trkpt lat="42.850802" lon="-8.577107"><ele>228.173</ele><time>2021-09-14T14:51:35Z</time></trkpt><trkpt lat="42.850849" lon="-8.577135"><ele>228.120</ele><time>2021-09-14T14:51:39Z</time></trkpt><trkpt lat="42.850893" lon="-8.577161"><ele>227.908</ele><time>2021-09-14T14:51:44Z</time></trkpt><trkpt lat="42.850938" lon="-8.577179"><ele>227.627</ele><time>2021-09-14T14:51:48Z</time></trkpt><trkpt lat="42.850983" lon="-8.577190"><ele>227.412</ele><time>2021-09-14T14:51:53Z</time></trkpt><trkpt lat="42.851037" lon="-8.577192"><ele>226.647</ele><time>2021-09-14T14:52:12Z</time></trkpt><trkpt lat="42.851082" lon="-8.577178"><ele>226.513</ele><time>2021-09-14T14:52:16Z</time></trkpt><trkpt lat="42.851129" lon="-8.577141"><ele>226.438</ele><time>2021-09-14T14:52:21Z</time></trkpt><trkpt lat="42.851174" lon="-8.577104"><ele>226.543</ele><time>2021-09-14T14:52:26Z</time></trkpt><trkpt lat="42.851216" lon="-8.577047"><ele>226.515</ele><time>2021-09-14T14:52:30Z</time></trkpt><trkpt lat="42.851255" lon="-8.577001"><ele>226.642</ele><time>2021-09-14T14:52:34Z</time></trkpt><trkpt lat="42.851288" lon="-8.576953"><ele>226.933</ele><time>2021-09-14T14:52:38Z</time></trkpt><trkpt lat="42.851314" lon="-8.576902"><ele>227.323</ele><time>2021-09-14T14:52:42Z</time></trkpt><trkpt lat="42.851346" lon="-8.576855"><ele>227.615</ele><time>2021-09-14T14:52:46Z</time></trkpt><trkpt lat="42.851387" lon="-8.576804"><ele>227.808</ele><time>2021-09-14T14:52:51Z</time></trkpt><trkpt lat="42.851420" lon="-8.576760"><ele>228.031</ele><time>2021-09-14T14:52:55Z</time></trkpt><trkpt lat="42.851450" lon="-8.576708"><ele>228.276</ele><time>2021-09-14T14:52:59Z</time></trkpt><trkpt lat="42.851496" lon="-8.576680"><ele>228.431</ele><time>2021-09-14T14:53:04Z</time></trkpt><trkpt lat="42.851529" lon="-8.576616"><ele>228.577</ele><time>2021-09-14T14:53:08Z</time></trkpt><trkpt lat="42.851553" lon="-8.576559"><ele>228.562</ele><time>2021-09-14T14:53:12Z</time></trkpt><trkpt lat="42.851585" lon="-8.576499"><ele>228.617</ele><time>2021-09-14T14:53:16Z</time></trkpt><trkpt lat="42.851628" lon="-8.576461"><ele>228.679</ele><time>2021-09-14T14:53:20Z</time></trkpt><trkpt lat="42.851663" lon="-8.576419"><ele>228.656</ele><time>2021-09-14T14:53:25Z</time></trkpt><trkpt lat="42.851696" lon="-8.576371"><ele>228.735</ele><time>2021-09-14T14:53:30Z</time></trkpt><trkpt lat="42.851740" lon="-8.576326"><ele>228.786</ele><time>2021-09-14T14:53:34Z</time></trkpt><trkpt lat="42.851789" lon="-8.576278"><ele>228.714</ele><time>2021-09-14T14:53:39Z</time></trkpt><trkpt lat="42.851825" lon="-8.576228"><ele>228.808</ele><time>2021-09-14T14:53:45Z</time></trkpt><trkpt lat="42.851858" lon="-8.576177"><ele>229.031</ele><time>2021-09-14T14:53:50Z</time></trkpt><trkpt lat="42.851902" lon="-8.576134"><ele>229.356</ele><time>2021-09-14T14:53:55Z</time></trkpt><trkpt lat="42.851931" lon="-8.576069"><ele>229.451</ele><time>2021-09-14T14:54:02Z</time></trkpt><trkpt lat="42.851941" lon="-8.575995"><ele>229.537</ele><time>2021-09-14T14:54:06Z</time></trkpt><trkpt lat="42.851955" lon="-8.575933"><ele>229.552</ele><time>2021-09-14T14:54:11Z</time></trkpt><trkpt lat="42.851984" lon="-8.575871"><ele>229.647</ele><time>2021-09-14T14:54:16Z</time></trkpt><trkpt lat="42.852024" lon="-8.575833"><ele>229.639</ele><time>2021-09-14T14:54:20Z</time></trkpt><trkpt lat="42.852066" lon="-8.575794"><ele>229.686</ele><time>2021-09-14T14:54:24Z</time></trkpt><trkpt lat="42.852106" lon="-8.575761"><ele>229.678</ele><time>2021-09-14T14:54:28Z</time></trkpt><trkpt lat="42.852149" lon="-8.575718"><ele>229.833</ele><time>2021-09-14T14:54:33Z</time></trkpt><trkpt lat="42.852192" lon="-8.575674"><ele>229.726</ele><time>2021-09-14T14:54:38Z</time></trkpt><trkpt lat="42.852230" lon="-8.575630"><ele>229.808</ele><time>2021-09-14T14:54:42Z</time></trkpt><trkpt lat="42.852275" lon="-8.575585"><ele>229.985</ele><time>2021-09-14T14:54:47Z</time></trkpt><trkpt lat="42.852320" lon="-8.575540"><ele>230.030</ele><time>2021-09-14T14:54:52Z</time></trkpt><trkpt lat="42.852364" lon="-8.575500"><ele>230.065</ele><time>2021-09-14T14:54:56Z</time></trkpt><trkpt lat="42.852393" lon="-8.575444"><ele>230.181</ele><time>2021-09-14T14:55:06Z</time></trkpt><trkpt lat="42.852403" lon="-8.575380"><ele>230.036</ele><time>2021-09-14T14:55:11Z</time></trkpt><trkpt lat="42.852423" lon="-8.575310"><ele>229.921</ele><time>2021-09-14T14:55:16Z</time></trkpt><trkpt lat="42.852451" lon="-8.575254"><ele>229.733</ele><time>2021-09-14T14:55:20Z</time></trkpt><trkpt lat="42.852486" lon="-8.575210"><ele>229.590</ele><time>2021-09-14T14:55:24Z</time></trkpt><trkpt lat="42.852535" lon="-8.575169"><ele>229.314</ele><time>2021-09-14T14:55:28Z</time></trkpt><trkpt lat="42.852578" lon="-8.575118"><ele>229.154</ele><time>2021-09-14T14:55:33Z</time></trkpt><trkpt lat="42.852616" lon="-8.575082"><ele>228.909</ele><time>2021-09-14T14:55:37Z</time></trkpt><trkpt lat="42.852655" lon="-8.575044"><ele>228.708</ele><time>2021-09-14T14:55:41Z</time></trkpt><trkpt lat="42.852692" lon="-8.574993"><ele>228.589</ele><time>2021-09-14T14:55:45Z</time></trkpt><trkpt lat="42.852723" lon="-8.574941"><ele>228.494</ele><time>2021-09-14T14:55:49Z</time></trkpt><trkpt lat="42.852754" lon="-8.574878"><ele>228.229</ele><time>2021-09-14T14:55:54Z</time></trkpt><trkpt lat="42.852773" lon="-8.574819"><ele>228.165</ele><time>2021-09-14T14:55:58Z</time></trkpt><trkpt lat="42.852794" lon="-8.574748"><ele>227.940</ele><time>2021-09-14T14:56:03Z</time></trkpt><trkpt lat="42.852818" lon="-8.574692"><ele>227.835</ele><time>2021-09-14T14:56:07Z</time></trkpt><trkpt lat="42.852838" lon="-8.574630"><ele>227.877</ele><time>2021-09-14T14:56:11Z</time></trkpt><trkpt lat="42.852863" lon="-8.574566"><ele>227.634</ele><time>2021-09-14T14:56:16Z</time></trkpt><trkpt lat="42.852894" lon="-8.574507"><ele>227.519</ele><time>2021-09-14T14:56:21Z</time></trkpt><trkpt lat="42.852926" lon="-8.574464"><ele>227.409</ele><time>2021-09-14T14:56:25Z</time></trkpt><trkpt lat="42.852944" lon="-8.574403"><ele>227.219</ele><time>2021-09-14T14:56:29Z</time></trkpt><trkpt lat="42.852938" lon="-8.574322"><ele>227.008</ele><time>2021-09-14T14:56:33Z</time></trkpt><trkpt lat="42.852942" lon="-8.574248"><ele>226.469</ele><time>2021-09-14T14:56:38Z</time></trkpt><trkpt lat="42.852948" lon="-8.574184"><ele>226.134</ele><time>2021-09-14T14:56:42Z</time></trkpt><trkpt lat="42.852970" lon="-8.574127"><ele>225.499</ele><time>2021-09-14T14:56:46Z</time></trkpt><trkpt lat="42.853008" lon="-8.574075"><ele>224.885</ele><time>2021-09-14T14:56:50Z</time></trkpt><trkpt lat="42.853059" lon="-8.574051"><ele>224.040</ele><time>2021-09-14T14:56:55Z</time></trkpt><trkpt lat="42.853109" lon="-8.574055"><ele>223.935</ele><time>2021-09-14T14:56:58Z</time></trkpt><trkpt lat="42.853159" lon="-8.574053"><ele>223.757</ele><time>2021-09-14T14:57:01Z</time></trkpt><trkpt lat="42.853213" lon="-8.574060"><ele>223.574</ele><time>2021-09-14T14:57:05Z</time></trkpt><trkpt lat="42.853258" lon="-8.574071"><ele>223.216</ele><time>2021-09-14T14:57:09Z</time></trkpt><trkpt lat="42.853303" lon="-8.574092"><ele>223.176</ele><time>2021-09-14T14:57:13Z</time></trkpt><trkpt lat="42.853349" lon="-8.574108"><ele>222.913</ele><time>2021-09-14T14:57:16Z</time></trkpt><trkpt lat="42.853400" lon="-8.574122"><ele>222.408</ele><time>2021-09-14T14:57:21Z</time></trkpt><trkpt lat="42.853453" lon="-8.574112"><ele>222.259</ele><time>2021-09-14T14:57:25Z</time></trkpt><trkpt lat="42.853505" lon="-8.574111"><ele>222.024</ele><time>2021-09-14T14:57:30Z</time></trkpt><trkpt lat="42.853559" lon="-8.574101"><ele>221.199</ele><time>2021-09-14T14:57:35Z</time></trkpt><trkpt lat="42.853608" lon="-8.574101"><ele>220.295</ele><time>2021-09-14T14:57:39Z</time></trkpt><trkpt lat="42.853656" lon="-8.574096"><ele>219.840</ele><time>2021-09-14T14:57:42Z</time></trkpt><trkpt lat="42.853711" lon="-8.574097"><ele>219.265</ele><time>2021-09-14T14:57:47Z</time></trkpt><trkpt lat="42.853763" lon="-8.574107"><ele>219.097</ele><time>2021-09-14T14:57:53Z</time></trkpt><trkpt lat="42.853820" lon="-8.574114"><ele>218.894</ele><time>2021-09-14T14:57:58Z</time></trkpt><trkpt lat="42.853878" lon="-8.574112"><ele>218.731</ele><time>2021-09-14T14:58:02Z</time></trkpt><trkpt lat="42.853928" lon="-8.574102"><ele>218.761</ele><time>2021-09-14T14:58:06Z</time></trkpt><trkpt lat="42.853976" lon="-8.574106"><ele>218.507</ele><time>2021-09-14T14:58:10Z</time></trkpt><trkpt lat="42.854026" lon="-8.574113"><ele>218.308</ele><time>2021-09-14T14:58:15Z</time></trkpt><trkpt lat="42.854075" lon="-8.574097"><ele>218.161</ele><time>2021-09-14T14:58:20Z</time></trkpt><trkpt lat="42.854125" lon="-8.574069"><ele>218.026</ele><time>2021-09-14T14:58:25Z</time></trkpt><trkpt lat="42.854172" lon="-8.574036"><ele>217.721</ele><time>2021-09-14T14:58:31Z</time></trkpt><trkpt lat="42.854218" lon="-8.573998"><ele>217.697</ele><time>2021-09-14T14:58:36Z</time></trkpt><trkpt lat="42.854252" lon="-8.573945"><ele>216.852</ele><time>2021-09-14T14:58:41Z</time></trkpt><trkpt lat="42.854234" lon="-8.573872"><ele>216.547</ele><time>2021-09-14T14:58:46Z</time></trkpt><trkpt lat="42.854198" lon="-8.573822"><ele>216.139</ele><time>2021-09-14T14:58:51Z</time></trkpt><trkpt lat="42.854146" lon="-8.573799"><ele>216.016</ele><time>2021-09-14T14:58:56Z</time></trkpt><trkpt lat="42.854098" lon="-8.573784"><ele>216.038</ele><time>2021-09-14T14:59:00Z</time></trkpt><trkpt lat="42.854053" lon="-8.573768"><ele>215.870</ele><time>2021-09-14T14:59:03Z</time></trkpt><trkpt lat="42.853997" lon="-8.573742"><ele>215.517</ele><time>2021-09-14T14:59:07Z</time></trkpt><trkpt lat="42.853947" lon="-8.573715"><ele>214.808</ele><time>2021-09-14T14:59:11Z</time></trkpt><trkpt lat="42.853898" lon="-8.573693"><ele>213.861</ele><time>2021-09-14T14:59:16Z</time></trkpt><trkpt lat="42.853849" lon="-8.573676"><ele>213.466</ele><time>2021-09-14T14:59:20Z</time></trkpt><trkpt lat="42.853807" lon="-8.573639"><ele>213.261</ele><time>2021-09-14T14:59:24Z</time></trkpt><trkpt lat="42.853762" lon="-8.573612"><ele>212.957</ele><time>2021-09-14T14:59:28Z</time></trkpt><trkpt lat="42.853721" lon="-8.573582"><ele>212.662</ele><time>2021-09-14T14:59:32Z</time></trkpt><trkpt lat="42.853674" lon="-8.573557"><ele>212.147</ele><time>2021-09-14T14:59:36Z</time></trkpt><trkpt lat="42.853626" lon="-8.573535"><ele>212.069</ele><time>2021-09-14T14:59:40Z</time></trkpt><trkpt lat="42.853584" lon="-8.573507"><ele>211.866</ele><time>2021-09-14T14:59:44Z</time></trkpt><trkpt lat="42.853534" lon="-8.573469"><ele>211.568</ele><time>2021-09-14T14:59:49Z</time></trkpt><trkpt lat="42.853487" lon="-8.573447"><ele>211.342</ele><time>2021-09-14T14:59:54Z</time></trkpt><trkpt lat="42.853443" lon="-8.573420"><ele>211.226</ele><time>2021-09-14T14:59:58Z</time></trkpt><trkpt lat="42.853402" lon="-8.573394"><ele>210.908</ele><time>2021-09-14T15:00:02Z</time></trkpt><trkpt lat="42.853357" lon="-8.573368"><ele>210.354</ele><time>2021-09-14T15:00:06Z</time></trkpt><trkpt lat="42.853314" lon="-8.573344"><ele>209.889</ele><time>2021-09-14T15:00:10Z</time></trkpt><trkpt lat="42.853265" lon="-8.573312"><ele>209.274</ele><time>2021-09-14T15:00:15Z</time></trkpt><trkpt lat="42.853225" lon="-8.573261"><ele>208.790</ele><time>2021-09-14T15:00:19Z</time></trkpt><trkpt lat="42.853195" lon="-8.573208"><ele>208.125</ele><time>2021-09-14T15:00:23Z</time></trkpt><trkpt lat="42.853167" lon="-8.573148"><ele>207.960</ele><time>2021-09-14T15:00:28Z</time></trkpt><trkpt lat="42.853188" lon="-8.573084"><ele>207.692</ele><time>2021-09-14T15:00:32Z</time></trkpt><trkpt lat="42.853227" lon="-8.573050"><ele>207.489</ele><time>2021-09-14T15:00:45Z</time></trkpt><trkpt lat="42.853257" lon="-8.573004"><ele>207.251</ele><time>2021-09-14T15:00:49Z</time></trkpt><trkpt lat="42.853306" lon="-8.572966"><ele>207.101</ele><time>2021-09-14T15:00:53Z</time></trkpt><trkpt lat="42.853359" lon="-8.572940"><ele>207.111</ele><time>2021-09-14T15:00:57Z</time></trkpt><trkpt lat="42.853403" lon="-8.572911"><ele>206.908</ele><time>2021-09-14T15:01:02Z</time></trkpt><trkpt lat="42.853439" lon="-8.572873"><ele>206.993</ele><time>2021-09-14T15:01:06Z</time></trkpt><trkpt lat="42.853471" lon="-8.572817"><ele>206.828</ele><time>2021-09-14T15:01:10Z</time></trkpt><trkpt lat="42.853510" lon="-8.572785"><ele>206.773</ele><time>2021-09-14T15:01:13Z</time></trkpt><trkpt lat="42.853556" lon="-8.572747"><ele>206.719</ele><time>2021-09-14T15:01:15Z</time></trkpt><trkpt lat="42.853586" lon="-8.572685"><ele>206.894</ele><time>2021-09-14T15:01:20Z</time></trkpt><trkpt lat="42.853631" lon="-8.572692"><ele>206.929</ele><time>2021-09-14T15:01:23Z</time></trkpt><trkpt lat="42.853676" lon="-8.572705"><ele>206.961</ele><time>2021-09-14T15:01:26Z</time></trkpt><trkpt lat="42.853723" lon="-8.572709"><ele>206.928</ele><time>2021-09-14T15:01:29Z</time></trkpt><trkpt lat="42.853772" lon="-8.572716"><ele>207.061</ele><time>2021-09-14T15:01:33Z</time></trkpt><trkpt lat="42.853822" lon="-8.572723"><ele>207.021</ele><time>2021-09-14T15:01:37Z</time></trkpt><trkpt lat="42.853873" lon="-8.572742"><ele>207.013</ele><time>2021-09-14T15:01:41Z</time></trkpt><trkpt lat="42.853922" lon="-8.572776"><ele>207.008</ele><time>2021-09-14T15:01:46Z</time></trkpt><trkpt lat="42.853959" lon="-8.572813"><ele>207.054</ele><time>2021-09-14T15:01:50Z</time></trkpt><trkpt lat="42.854008" lon="-8.572843"><ele>206.949</ele><time>2021-09-14T15:01:54Z</time></trkpt><trkpt lat="42.854051" lon="-8.572884"><ele>206.964</ele><time>2021-09-14T15:01:58Z</time></trkpt><trkpt lat="42.854091" lon="-8.572927"><ele>206.840</ele><time>2021-09-14T15:02:02Z</time></trkpt><trkpt lat="42.854142" lon="-8.572956"><ele>206.455</ele><time>2021-09-14T15:02:06Z</time></trkpt><trkpt lat="42.854190" lon="-8.572974"><ele>206.180</ele><time>2021-09-14T15:02:10Z</time></trkpt><trkpt lat="42.854242" lon="-8.572983"><ele>205.872</ele><time>2021-09-14T15:02:15Z</time></trkpt><trkpt lat="42.854287" lon="-8.572991"><ele>205.479</ele><time>2021-09-14T15:02:19Z</time></trkpt><trkpt lat="42.854337" lon="-8.572978"><ele>205.278</ele><time>2021-09-14T15:02:25Z</time></trkpt><trkpt lat="42.854384" lon="-8.572955"><ele>205.033</ele><time>2021-09-14T15:02:30Z</time></trkpt><trkpt lat="42.854429" lon="-8.572946"><ele>204.826</ele><time>2021-09-14T15:02:34Z</time></trkpt><trkpt lat="42.854477" lon="-8.572932"><ele>204.708</ele><time>2021-09-14T15:02:39Z</time></trkpt><trkpt lat="42.854524" lon="-8.572916"><ele>204.655</ele><time>2021-09-14T15:02:43Z</time></trkpt><trkpt lat="42.854578" lon="-8.572907"><ele>204.420</ele><time>2021-09-14T15:02:48Z</time></trkpt><trkpt lat="42.854628" lon="-8.572879"><ele>204.275</ele><time>2021-09-14T15:02:53Z</time></trkpt><trkpt lat="42.854672" lon="-8.572849"><ele>204.061</ele><time>2021-09-14T15:02:59Z</time></trkpt><trkpt lat="42.854721" lon="-8.572839"><ele>203.946</ele><time>2021-09-14T15:03:03Z</time></trkpt><trkpt lat="42.854779" lon="-8.572822"><ele>203.931</ele><time>2021-09-14T15:03:07Z</time></trkpt><trkpt lat="42.854826" lon="-8.572815"><ele>203.943</ele><time>2021-09-14T15:03:10Z</time></trkpt><trkpt lat="42.854873" lon="-8.572814"><ele>203.910</ele><time>2021-09-14T15:03:13Z</time></trkpt><trkpt lat="42.854928" lon="-8.572811"><ele>203.882</ele><time>2021-09-14T15:03:17Z</time></trkpt><trkpt lat="42.854981" lon="-8.572812"><ele>203.843</ele><time>2021-09-14T15:03:21Z</time></trkpt><trkpt lat="42.855032" lon="-8.572808"><ele>203.817</ele><time>2021-09-14T15:03:25Z</time></trkpt><trkpt lat="42.855086" lon="-8.572799"><ele>203.608</ele><time>2021-09-14T15:03:29Z</time></trkpt><trkpt lat="42.855131" lon="-8.572786"><ele>203.646</ele><time>2021-09-14T15:03:33Z</time></trkpt><trkpt lat="42.855180" lon="-8.572778"><ele>203.521</ele><time>2021-09-14T15:03:37Z</time></trkpt><trkpt lat="42.855232" lon="-8.572765"><ele>203.416</ele><time>2021-09-14T15:03:41Z</time></trkpt><trkpt lat="42.855277" lon="-8.572747"><ele>203.382</ele><time>2021-09-14T15:03:45Z</time></trkpt><trkpt lat="42.855326" lon="-8.572730"><ele>203.187</ele><time>2021-09-14T15:03:49Z</time></trkpt><trkpt lat="42.855377" lon="-8.572713"><ele>202.882</ele><time>2021-09-14T15:03:53Z</time></trkpt><trkpt lat="42.855432" lon="-8.572696"><ele>202.684</ele><time>2021-09-14T15:03:57Z</time></trkpt><trkpt lat="42.855485" lon="-8.572692"><ele>202.381</ele><time>2021-09-14T15:04:02Z</time></trkpt><trkpt lat="42.855530" lon="-8.572696"><ele>202.144</ele><time>2021-09-14T15:04:06Z</time></trkpt><trkpt lat="42.855576" lon="-8.572693"><ele>201.905</ele><time>2021-09-14T15:04:10Z</time></trkpt><trkpt lat="42.855628" lon="-8.572668"><ele>201.715</ele><time>2021-09-14T15:04:15Z</time></trkpt><trkpt lat="42.855686" lon="-8.572656"><ele>201.308</ele><time>2021-09-14T15:04:19Z</time></trkpt><trkpt lat="42.855744" lon="-8.572641"><ele>201.262</ele><time>2021-09-14T15:04:22Z</time></trkpt><trkpt lat="42.855794" lon="-8.572643"><ele>200.857</ele><time>2021-09-14T15:04:26Z</time></trkpt><trkpt lat="42.855851" lon="-8.572653"><ele>200.632</ele><time>2021-09-14T15:04:30Z</time></trkpt><trkpt lat="42.855891" lon="-8.572714"><ele>200.428</ele><time>2021-09-14T15:04:37Z</time></trkpt><trkpt lat="42.855928" lon="-8.572762"><ele>200.413</ele><time>2021-09-14T15:04:43Z</time></trkpt><trkpt lat="42.855966" lon="-8.572804"><ele>200.438</ele><time>2021-09-14T15:04:47Z</time></trkpt><trkpt lat="42.856007" lon="-8.572849"><ele>200.570</ele><time>2021-09-14T15:04:52Z</time></trkpt><trkpt lat="42.856050" lon="-8.572893"><ele>200.687</ele><time>2021-09-14T15:04:57Z</time></trkpt><trkpt lat="42.856093" lon="-8.572928"><ele>200.755</ele><time>2021-09-14T15:05:01Z</time></trkpt><trkpt lat="42.856137" lon="-8.572969"><ele>200.807</ele><time>2021-09-14T15:05:05Z</time></trkpt><trkpt lat="42.856168" lon="-8.573018"><ele>200.917</ele><time>2021-09-14T15:05:08Z</time></trkpt><trkpt lat="42.856201" lon="-8.573075"><ele>201.008</ele><time>2021-09-14T15:05:12Z</time></trkpt><trkpt lat="42.856222" lon="-8.573131"><ele>201.213</ele><time>2021-09-14T15:05:16Z</time></trkpt><trkpt lat="42.856264" lon="-8.573182"><ele>201.518</ele><time>2021-09-14T15:05:20Z</time></trkpt><trkpt lat="42.856299" lon="-8.573232"><ele>201.973</ele><time>2021-09-14T15:05:24Z</time></trkpt><trkpt lat="42.856335" lon="-8.573282"><ele>202.279</ele><time>2021-09-14T15:05:28Z</time></trkpt><trkpt lat="42.856368" lon="-8.573326"><ele>202.514</ele><time>2021-09-14T15:05:32Z</time></trkpt><trkpt lat="42.856403" lon="-8.573379"><ele>202.989</ele><time>2021-09-14T15:05:36Z</time></trkpt><trkpt lat="42.856438" lon="-8.573428"><ele>203.151</ele><time>2021-09-14T15:05:40Z</time></trkpt><trkpt lat="42.856462" lon="-8.573485"><ele>203.558</ele><time>2021-09-14T15:05:44Z</time></trkpt><trkpt lat="42.856481" lon="-8.573541"><ele>203.878</ele><time>2021-09-14T15:05:48Z</time></trkpt><trkpt lat="42.856484" lon="-8.573614"><ele>204.433</ele><time>2021-09-14T15:05:53Z</time></trkpt><trkpt lat="42.856476" lon="-8.573681"><ele>204.826</ele><time>2021-09-14T15:05:57Z</time></trkpt><trkpt lat="42.856469" lon="-8.573750"><ele>205.208</ele><time>2021-09-14T15:06:02Z</time></trkpt><trkpt lat="42.856460" lon="-8.573819"><ele>205.935</ele><time>2021-09-14T15:06:07Z</time></trkpt><trkpt lat="42.856454" lon="-8.573891"><ele>206.550</ele><time>2021-09-14T15:06:12Z</time></trkpt><trkpt lat="42.856455" lon="-8.573957"><ele>207.315</ele><time>2021-09-14T15:06:17Z</time></trkpt><trkpt lat="42.856446" lon="-8.574020"><ele>207.841</ele><time>2021-09-14T15:06:21Z</time></trkpt><trkpt lat="42.856438" lon="-8.574082"><ele>208.226</ele><time>2021-09-14T15:06:26Z</time></trkpt><trkpt lat="42.856440" lon="-8.574150"><ele>208.571</ele><time>2021-09-14T15:06:31Z</time></trkpt><trkpt lat="42.856441" lon="-8.574218"><ele>209.693</ele><time>2021-09-14T15:06:36Z</time></trkpt><trkpt lat="42.856443" lon="-8.574288"><ele>210.160</ele><time>2021-09-14T15:06:41Z</time></trkpt><trkpt lat="42.856449" lon="-8.574356"><ele>210.743</ele><time>2021-09-14T15:06:46Z</time></trkpt><trkpt lat="42.856451" lon="-8.574419"><ele>211.364</ele><time>2021-09-14T15:06:51Z</time></trkpt><trkpt lat="42.856460" lon="-8.574485"><ele>211.710</ele><time>2021-09-14T15:06:56Z</time></trkpt><trkpt lat="42.856460" lon="-8.574560"><ele>212.508</ele><time>2021-09-14T15:07:01Z</time></trkpt><trkpt lat="42.856462" lon="-8.574629"><ele>213.392</ele><time>2021-09-14T15:07:06Z</time></trkpt><trkpt lat="42.856466" lon="-8.574692"><ele>213.727</ele><time>2021-09-14T15:07:11Z</time></trkpt><trkpt lat="42.856475" lon="-8.574757"><ele>214.692</ele><time>2021-09-14T15:07:16Z</time></trkpt><trkpt lat="42.856485" lon="-8.574825"><ele>215.218</ele><time>2021-09-14T15:07:21Z</time></trkpt><trkpt lat="42.856501" lon="-8.574896"><ele>216.463</ele><time>2021-09-14T15:07:26Z</time></trkpt><trkpt lat="42.856516" lon="-8.574961"><ele>217.088</ele><time>2021-09-14T15:07:31Z</time></trkpt><trkpt lat="42.856540" lon="-8.575024"><ele>217.780</ele><time>2021-09-14T15:07:36Z</time></trkpt><trkpt lat="42.856559" lon="-8.575095"><ele>218.797</ele><time>2021-09-14T15:07:42Z</time></trkpt><trkpt lat="42.856589" lon="-8.575153"><ele>219.688</ele><time>2021-09-14T15:07:47Z</time></trkpt><trkpt lat="42.856621" lon="-8.575208"><ele>220.324</ele><time>2021-09-14T15:07:52Z</time></trkpt><trkpt lat="42.856665" lon="-8.575252"><ele>220.626</ele><time>2021-09-14T15:07:57Z</time></trkpt><trkpt lat="42.856705" lon="-8.575288"><ele>220.908</ele><time>2021-09-14T15:08:02Z</time></trkpt><trkpt lat="42.856757" lon="-8.575310"><ele>221.256</ele><time>2021-09-14T15:08:08Z</time></trkpt><trkpt lat="42.856812" lon="-8.575326"><ele>221.381</ele><time>2021-09-14T15:08:12Z</time></trkpt><trkpt lat="42.856863" lon="-8.575335"><ele>221.446</ele><time>2021-09-14T15:08:16Z</time></trkpt><trkpt lat="42.856915" lon="-8.575352"><ele>221.582</ele><time>2021-09-14T15:08:21Z</time></trkpt><trkpt lat="42.856957" lon="-8.575377"><ele>221.557</ele><time>2021-09-14T15:08:26Z</time></trkpt><trkpt lat="42.857002" lon="-8.575386"><ele>221.562</ele><time>2021-09-14T15:08:30Z</time></trkpt><trkpt lat="42.857049" lon="-8.575398"><ele>221.434</ele><time>2021-09-14T15:08:35Z</time></trkpt><trkpt lat="42.857098" lon="-8.575413"><ele>221.221</ele><time>2021-09-14T15:08:39Z</time></trkpt><trkpt lat="42.857147" lon="-8.575434"><ele>221.097</ele><time>2021-09-14T15:08:43Z</time></trkpt><trkpt lat="42.857197" lon="-8.575454"><ele>220.823</ele><time>2021-09-14T15:08:47Z</time></trkpt><trkpt lat="42.857237" lon="-8.575495"><ele>220.325</ele><time>2021-09-14T15:08:52Z</time></trkpt><trkpt lat="42.857282" lon="-8.575537"><ele>219.808</ele><time>2021-09-14T15:08:57Z</time></trkpt><trkpt lat="42.857333" lon="-8.575565"><ele>219.597</ele><time>2021-09-14T15:09:01Z</time></trkpt><trkpt lat="42.857381" lon="-8.575598"><ele>219.372</ele><time>2021-09-14T15:09:06Z</time></trkpt><trkpt lat="42.857434" lon="-8.575620"><ele>219.247</ele><time>2021-09-14T15:09:12Z</time></trkpt><trkpt lat="42.857482" lon="-8.575646"><ele>219.133</ele><time>2021-09-14T15:09:16Z</time></trkpt><trkpt lat="42.857518" lon="-8.575683"><ele>218.948</ele><time>2021-09-14T15:09:19Z</time></trkpt><trkpt lat="42.857558" lon="-8.575716"><ele>218.713</ele><time>2021-09-14T15:09:22Z</time></trkpt><trkpt lat="42.857602" lon="-8.575761"><ele>218.335</ele><time>2021-09-14T15:09:26Z</time></trkpt><trkpt lat="42.857640" lon="-8.575799"><ele>218.192</ele><time>2021-09-14T15:09:29Z</time></trkpt><trkpt lat="42.857689" lon="-8.575832"><ele>218.025</ele><time>2021-09-14T15:09:32Z</time></trkpt><trkpt lat="42.857739" lon="-8.575859"><ele>218.026</ele><time>2021-09-14T15:09:35Z</time></trkpt><trkpt lat="42.857784" lon="-8.575882"><ele>217.908</ele><time>2021-09-14T15:09:38Z</time></trkpt><trkpt lat="42.857830" lon="-8.575914"><ele>217.608</ele><time>2021-09-14T15:09:42Z</time></trkpt><trkpt lat="42.857869" lon="-8.575945"><ele>217.440</ele><time>2021-09-14T15:09:46Z</time></trkpt><trkpt lat="42.857906" lon="-8.575998"><ele>217.225</ele><time>2021-09-14T15:09:51Z</time></trkpt><trkpt lat="42.857928" lon="-8.576052"><ele>217.130</ele><time>2021-09-14T15:09:56Z</time></trkpt><trkpt lat="42.857962" lon="-8.576104"><ele>217.066</ele><time>2021-09-14T15:10:01Z</time></trkpt><trkpt lat="42.857999" lon="-8.576150"><ele>216.971</ele><time>2021-09-14T15:10:06Z</time></trkpt><trkpt lat="42.858036" lon="-8.576187"><ele>216.856</ele><time>2021-09-14T15:10:11Z</time></trkpt><trkpt lat="42.858072" lon="-8.576228"><ele>216.748</ele><time>2021-09-14T15:10:15Z</time></trkpt><trkpt lat="42.858115" lon="-8.576264"><ele>216.415</ele><time>2021-09-14T15:10:20Z</time></trkpt><trkpt lat="42.858154" lon="-8.576305"><ele>216.252</ele><time>2021-09-14T15:10:25Z</time></trkpt><trkpt lat="42.858194" lon="-8.576349"><ele>216.153</ele><time>2021-09-14T15:10:30Z</time></trkpt><trkpt lat="42.858227" lon="-8.576392"><ele>215.808</ele><time>2021-09-14T15:10:33Z</time></trkpt><trkpt lat="42.858274" lon="-8.576431"><ele>215.508</ele><time>2021-09-14T15:10:37Z</time></trkpt><trkpt lat="42.858325" lon="-8.576456"><ele>215.073</ele><time>2021-09-14T15:10:40Z</time></trkpt><trkpt lat="42.858379" lon="-8.576478"><ele>215.038</ele><time>2021-09-14T15:10:43Z</time></trkpt><trkpt lat="42.858427" lon="-8.576488"><ele>214.953</ele><time>2021-09-14T15:10:46Z</time></trkpt><trkpt lat="42.858468" lon="-8.576521"><ele>214.659</ele><time>2021-09-14T15:10:51Z</time></trkpt><trkpt lat="42.858506" lon="-8.576570"><ele>214.324</ele><time>2021-09-14T15:10:55Z</time></trkpt><trkpt lat="42.858546" lon="-8.576605"><ele>214.269</ele><time>2021-09-14T15:10:58Z</time></trkpt><trkpt lat="42.858580" lon="-8.576647"><ele>214.171</ele><time>2021-09-14T15:11:02Z</time></trkpt><trkpt lat="42.858614" lon="-8.576693"><ele>214.098</ele><time>2021-09-14T15:11:06Z</time></trkpt><trkpt lat="42.858651" lon="-8.576728"><ele>213.659</ele><time>2021-09-14T15:11:11Z</time></trkpt><trkpt lat="42.858685" lon="-8.576775"><ele>213.603</ele><time>2021-09-14T15:11:15Z</time></trkpt><trkpt lat="42.858719" lon="-8.576817"><ele>213.623</ele><time>2021-09-14T15:11:18Z</time></trkpt><trkpt lat="42.858741" lon="-8.576871"><ele>213.508</ele><time>2021-09-14T15:11:22Z</time></trkpt><trkpt lat="42.858773" lon="-8.576926"><ele>213.453</ele><time>2021-09-14T15:11:27Z</time></trkpt><trkpt lat="42.858818" lon="-8.576972"><ele>213.458</ele><time>2021-09-14T15:11:31Z</time></trkpt><trkpt lat="42.858864" lon="-8.577015"><ele>213.243</ele><time>2021-09-14T15:11:35Z</time></trkpt><trkpt lat="42.858884" lon="-8.577072"><ele>213.159</ele><time>2021-09-14T15:11:39Z</time></trkpt><trkpt lat="42.858920" lon="-8.577110"><ele>212.974</ele><time>2021-09-14T15:11:43Z</time></trkpt><trkpt lat="42.858965" lon="-8.577099"><ele>212.899</ele><time>2021-09-14T15:11:48Z</time></trkpt><trkpt lat="42.859009" lon="-8.577073"><ele>212.671</ele><time>2021-09-14T15:11:52Z</time></trkpt><trkpt lat="42.859058" lon="-8.577055"><ele>212.698</ele><time>2021-09-14T15:11:58Z</time></trkpt><trkpt lat="42.859103" lon="-8.577040"><ele>212.597</ele><time>2021-09-14T15:12:02Z</time></trkpt><trkpt lat="42.859152" lon="-8.577003"><ele>212.423</ele><time>2021-09-14T15:12:07Z</time></trkpt><trkpt lat="42.859209" lon="-8.576990"><ele>212.325</ele><time>2021-09-14T15:12:11Z</time></trkpt><trkpt lat="42.859252" lon="-8.576974"><ele>212.308</ele><time>2021-09-14T15:12:14Z</time></trkpt><trkpt lat="42.859300" lon="-8.576955"><ele>212.377</ele><time>2021-09-14T15:12:31Z</time></trkpt><trkpt lat="42.859342" lon="-8.576933"><ele>212.242</ele><time>2021-09-14T15:12:35Z</time></trkpt><trkpt lat="42.859390" lon="-8.576915"><ele>212.237</ele><time>2021-09-14T15:12:39Z</time></trkpt><trkpt lat="42.859435" lon="-8.576882"><ele>212.063</ele><time>2021-09-14T15:12:45Z</time></trkpt><trkpt lat="42.859474" lon="-8.576836"><ele>211.928</ele><time>2021-09-14T15:12:49Z</time></trkpt><trkpt lat="42.859517" lon="-8.576790"><ele>211.413</ele><time>2021-09-14T15:12:55Z</time></trkpt><trkpt lat="42.859570" lon="-8.576762"><ele>210.725</ele><time>2021-09-14T15:13:00Z</time></trkpt><trkpt lat="42.859615" lon="-8.576716"><ele>210.692</ele><time>2021-09-14T15:13:04Z</time></trkpt><trkpt lat="42.859664" lon="-8.576698"><ele>210.318</ele><time>2021-09-14T15:13:08Z</time></trkpt><trkpt lat="42.859709" lon="-8.576667"><ele>210.398</ele><time>2021-09-14T15:13:12Z</time></trkpt><trkpt lat="42.859751" lon="-8.576627"><ele>210.217</ele><time>2021-09-14T15:13:17Z</time></trkpt><trkpt lat="42.859794" lon="-8.576598"><ele>210.208</ele><time>2021-09-14T15:13:22Z</time></trkpt><trkpt lat="42.859842" lon="-8.576592"><ele>210.249</ele><time>2021-09-14T15:13:36Z</time></trkpt><trkpt lat="42.859890" lon="-8.576597"><ele>210.124</ele><time>2021-09-14T15:13:40Z</time></trkpt><trkpt lat="42.859941" lon="-8.576616"><ele>210.169</ele><time>2021-09-14T15:13:44Z</time></trkpt><trkpt lat="42.859976" lon="-8.576656"><ele>210.155</ele><time>2021-09-14T15:13:57Z</time></trkpt><trkpt lat="42.859999" lon="-8.576712"><ele>210.410</ele><time>2021-09-14T15:14:17Z</time></trkpt><trkpt lat="42.860021" lon="-8.576768"><ele>210.595</ele><time>2021-09-14T15:14:22Z</time></trkpt><trkpt lat="42.860066" lon="-8.576786"><ele>210.627</ele><time>2021-09-14T15:14:30Z</time></trkpt><trkpt lat="42.860115" lon="-8.576798"><ele>210.744</ele><time>2021-09-14T15:14:35Z</time></trkpt><trkpt lat="42.860154" lon="-8.576837"><ele>211.186</ele><time>2021-09-14T15:14:40Z</time></trkpt><trkpt lat="42.860191" lon="-8.576873"><ele>211.960</ele><time>2021-09-14T15:14:44Z</time></trkpt><trkpt lat="42.860238" lon="-8.576901"><ele>212.426</ele><time>2021-09-14T15:14:50Z</time></trkpt><trkpt lat="42.860295" lon="-8.576909"><ele>212.908</ele><time>2021-09-14T15:14:55Z</time></trkpt><trkpt lat="42.860344" lon="-8.576926"><ele>213.546</ele><time>2021-09-14T15:14:58Z</time></trkpt><trkpt lat="42.860394" lon="-8.576959"><ele>214.221</ele><time>2021-09-14T15:15:05Z</time></trkpt><trkpt lat="42.860440" lon="-8.576968"><ele>214.316</ele><time>2021-09-14T15:15:10Z</time></trkpt><trkpt lat="42.860491" lon="-8.576979"><ele>214.672</ele><time>2021-09-14T15:15:15Z</time></trkpt><trkpt lat="42.860552" lon="-8.576973"><ele>214.737</ele><time>2021-09-14T15:15:18Z</time></trkpt><trkpt lat="42.860600" lon="-8.576984"><ele>214.712</ele><time>2021-09-14T15:15:23Z</time></trkpt><trkpt lat="42.860649" lon="-8.576993"><ele>214.724</ele><time>2021-09-14T15:15:28Z</time></trkpt><trkpt lat="42.860707" lon="-8.577000"><ele>214.711</ele><time>2021-09-14T15:15:33Z</time></trkpt><trkpt lat="42.860758" lon="-8.577029"><ele>214.738</ele><time>2021-09-14T15:15:38Z</time></trkpt><trkpt lat="42.860804" lon="-8.577039"><ele>214.670</ele><time>2021-09-14T15:15:42Z</time></trkpt><trkpt lat="42.860849" lon="-8.577058"><ele>214.517</ele><time>2021-09-14T15:15:47Z</time></trkpt><trkpt lat="42.860894" lon="-8.577068"><ele>214.408</ele><time>2021-09-14T15:15:51Z</time></trkpt><trkpt lat="42.860940" lon="-8.577070"><ele>214.371</ele><time>2021-09-14T15:15:54Z</time></trkpt><trkpt lat="42.860990" lon="-8.577079"><ele>214.316</ele><time>2021-09-14T15:16:00Z</time></trkpt><trkpt lat="42.861036" lon="-8.577099"><ele>214.371</ele><time>2021-09-14T15:16:06Z</time></trkpt><trkpt lat="42.861085" lon="-8.577095"><ele>214.467</ele><time>2021-09-14T15:16:11Z</time></trkpt><trkpt lat="42.861130" lon="-8.577076"><ele>214.552</ele><time>2021-09-14T15:16:15Z</time></trkpt><trkpt lat="42.861185" lon="-8.577053"><ele>215.027</ele><time>2021-09-14T15:16:21Z</time></trkpt><trkpt lat="42.861237" lon="-8.577050"><ele>215.349</ele><time>2021-09-14T15:16:25Z</time></trkpt><trkpt lat="42.861292" lon="-8.577040"><ele>216.166</ele><time>2021-09-14T15:16:29Z</time></trkpt><trkpt lat="42.861343" lon="-8.577014"><ele>216.661</ele><time>2021-09-14T15:16:35Z</time></trkpt><trkpt lat="42.861399" lon="-8.576989"><ele>217.121</ele><time>2021-09-14T15:16:39Z</time></trkpt><trkpt lat="42.861448" lon="-8.576957"><ele>217.513</ele><time>2021-09-14T15:16:43Z</time></trkpt><trkpt lat="42.861487" lon="-8.576912"><ele>217.808</ele><time>2021-09-14T15:16:47Z</time></trkpt><trkpt lat="42.861524" lon="-8.576864"><ele>218.254</ele><time>2021-09-14T15:16:51Z</time></trkpt><trkpt lat="42.861565" lon="-8.576813"><ele>218.219</ele><time>2021-09-14T15:16:55Z</time></trkpt><trkpt lat="42.861603" lon="-8.576757"><ele>218.284</ele><time>2021-09-14T15:17:00Z</time></trkpt><trkpt lat="42.861636" lon="-8.576704"><ele>218.250</ele><time>2021-09-14T15:17:05Z</time></trkpt><trkpt lat="42.861665" lon="-8.576651"><ele>218.055</ele><time>2021-09-14T15:17:09Z</time></trkpt><trkpt lat="42.861699" lon="-8.576589"><ele>217.970</ele><time>2021-09-14T15:17:13Z</time></trkpt><trkpt lat="42.861740" lon="-8.576536"><ele>217.742</ele><time>2021-09-14T15:17:19Z</time></trkpt><trkpt lat="42.861771" lon="-8.576483"><ele>217.359</ele><time>2021-09-14T15:17:23Z</time></trkpt><trkpt lat="42.861794" lon="-8.576424"><ele>217.081</ele><time>2021-09-14T15:17:27Z</time></trkpt><trkpt lat="42.861826" lon="-8.576363"><ele>216.961</ele><time>2021-09-14T15:17:32Z</time></trkpt><trkpt lat="42.861866" lon="-8.576320"><ele>216.817</ele><time>2021-09-14T15:17:37Z</time></trkpt><trkpt lat="42.861898" lon="-8.576273"><ele>216.708</ele><time>2021-09-14T15:17:41Z</time></trkpt><trkpt lat="42.861927" lon="-8.576221"><ele>216.596</ele><time>2021-09-14T15:17:45Z</time></trkpt><trkpt lat="42.861965" lon="-8.576187"><ele>216.481</ele><time>2021-09-14T15:17:49Z</time></trkpt><trkpt lat="42.862009" lon="-8.576157"><ele>216.266</ele><time>2021-09-14T15:17:53Z</time></trkpt><trkpt lat="42.862053" lon="-8.576120"><ele>215.942</ele><time>2021-09-14T15:17:57Z</time></trkpt><trkpt lat="42.862087" lon="-8.576073"><ele>215.897</ele><time>2021-09-14T15:18:01Z</time></trkpt><trkpt lat="42.862126" lon="-8.576038"><ele>215.692</ele><time>2021-09-14T15:18:06Z</time></trkpt><trkpt lat="42.862172" lon="-8.575993"><ele>215.124</ele><time>2021-09-14T15:18:11Z</time></trkpt><trkpt lat="42.862214" lon="-8.575950"><ele>214.451</ele><time>2021-09-14T15:18:15Z</time></trkpt><trkpt lat="42.862256" lon="-8.575911"><ele>214.044</ele><time>2021-09-14T15:18:19Z</time></trkpt><trkpt lat="42.862298" lon="-8.575888"><ele>213.105</ele><time>2021-09-14T15:18:22Z</time></trkpt><trkpt lat="42.862348" lon="-8.575853"><ele>212.615</ele><time>2021-09-14T15:18:26Z</time></trkpt><trkpt lat="42.862396" lon="-8.575838"><ele>212.408</ele><time>2021-09-14T15:18:30Z</time></trkpt><trkpt lat="42.862448" lon="-8.575814"><ele>211.942</ele><time>2021-09-14T15:18:35Z</time></trkpt><trkpt lat="42.862495" lon="-8.575803"><ele>211.847</ele><time>2021-09-14T15:18:39Z</time></trkpt><trkpt lat="42.862548" lon="-8.575783"><ele>211.632</ele><time>2021-09-14T15:18:44Z</time></trkpt><trkpt lat="42.862597" lon="-8.575761"><ele>211.548</ele><time>2021-09-14T15:18:48Z</time></trkpt><trkpt lat="42.862651" lon="-8.575759"><ele>211.193</ele><time>2021-09-14T15:18:53Z</time></trkpt><trkpt lat="42.862708" lon="-8.575750"><ele>210.998</ele><time>2021-09-14T15:18:57Z</time></trkpt><trkpt lat="42.862753" lon="-8.575757"><ele>210.720</ele><time>2021-09-14T15:19:00Z</time></trkpt><trkpt lat="42.862805" lon="-8.575764"><ele>210.587</ele><time>2021-09-14T15:19:04Z</time></trkpt><trkpt lat="42.862853" lon="-8.575759"><ele>210.467</ele><time>2021-09-14T15:19:07Z</time></trkpt><trkpt lat="42.862907" lon="-8.575750"><ele>210.381</ele><time>2021-09-14T15:19:11Z</time></trkpt><trkpt lat="42.862965" lon="-8.575753"><ele>210.219</ele><time>2021-09-14T15:19:15Z</time></trkpt><trkpt lat="42.863008" lon="-8.575771"><ele>210.008</ele><time>2021-09-14T15:19:19Z</time></trkpt><trkpt lat="42.863053" lon="-8.575757"><ele>209.414</ele><time>2021-09-14T15:19:34Z</time></trkpt><trkpt lat="42.863043" lon="-8.575696"><ele>209.179</ele><time>2021-09-14T15:19:48Z</time></trkpt><trkpt lat="42.863045" lon="-8.575624"><ele>209.064</ele><time>2021-09-14T15:19:53Z</time></trkpt><trkpt lat="42.863045" lon="-8.575554"><ele>208.750</ele><time>2021-09-14T15:19:58Z</time></trkpt><trkpt lat="42.863070" lon="-8.575496"><ele>208.375</ele><time>2021-09-14T15:20:02Z</time></trkpt><trkpt lat="42.863088" lon="-8.575426"><ele>207.830</ele><time>2021-09-14T15:20:07Z</time></trkpt><trkpt lat="42.863083" lon="-8.575351"><ele>207.232</ele><time>2021-09-14T15:20:11Z</time></trkpt><trkpt lat="42.863089" lon="-8.575288"><ele>206.519</ele><time>2021-09-14T15:20:15Z</time></trkpt><trkpt lat="42.863102" lon="-8.575210"><ele>206.048</ele><time>2021-09-14T15:20:19Z</time></trkpt><trkpt lat="42.863107" lon="-8.575136"><ele>205.661</ele><time>2021-09-14T15:20:23Z</time></trkpt><trkpt lat="42.863115" lon="-8.575059"><ele>204.817</ele><time>2021-09-14T15:20:27Z</time></trkpt><trkpt lat="42.863126" lon="-8.574995"><ele>203.808</ele><time>2021-09-14T15:20:31Z</time></trkpt><trkpt lat="42.863137" lon="-8.574929"><ele>203.412</ele><time>2021-09-14T15:20:35Z</time></trkpt><trkpt lat="42.863145" lon="-8.574857"><ele>202.847</ele><time>2021-09-14T15:20:39Z</time></trkpt><trkpt lat="42.863160" lon="-8.574791"><ele>202.552</ele><time>2021-09-14T15:20:43Z</time></trkpt><trkpt lat="42.863176" lon="-8.574721"><ele>202.188</ele><time>2021-09-14T15:20:47Z</time></trkpt><trkpt lat="42.863198" lon="-8.574665"><ele>201.443</ele><time>2021-09-14T15:20:51Z</time></trkpt><trkpt lat="42.863220" lon="-8.574603"><ele>201.258</ele><time>2021-09-14T15:20:55Z</time></trkpt><trkpt lat="42.863240" lon="-8.574541"><ele>201.020</ele><time>2021-09-14T15:20:59Z</time></trkpt><trkpt lat="42.863264" lon="-8.574479"><ele>200.947</ele><time>2021-09-14T15:21:03Z</time></trkpt><trkpt lat="42.863290" lon="-8.574421"><ele>200.544</ele><time>2021-09-14T15:21:07Z</time></trkpt><trkpt lat="42.863314" lon="-8.574366"><ele>200.305</ele><time>2021-09-14T15:21:11Z</time></trkpt><trkpt lat="42.863329" lon="-8.574304"><ele>200.115</ele><time>2021-09-14T15:21:15Z</time></trkpt><trkpt lat="42.863349" lon="-8.574234"><ele>199.908</ele><time>2021-09-14T15:21:19Z</time></trkpt><trkpt lat="42.863365" lon="-8.574160"><ele>199.952</ele><time>2021-09-14T15:21:23Z</time></trkpt><trkpt lat="42.863389" lon="-8.574095"><ele>199.837</ele><time>2021-09-14T15:21:28Z</time></trkpt><trkpt lat="42.863425" lon="-8.574032"><ele>199.852</ele><time>2021-09-14T15:21:32Z</time></trkpt><trkpt lat="42.863467" lon="-8.574065"><ele>199.778</ele><time>2021-09-14T15:21:43Z</time></trkpt><trkpt lat="42.863517" lon="-8.574094"><ele>199.783</ele><time>2021-09-14T15:21:47Z</time></trkpt><trkpt lat="42.863561" lon="-8.574111"><ele>199.788</ele><time>2021-09-14T15:21:50Z</time></trkpt><trkpt lat="42.863611" lon="-8.574125"><ele>199.770</ele><time>2021-09-14T15:21:54Z</time></trkpt><trkpt lat="42.863655" lon="-8.574151"><ele>199.777</ele><time>2021-09-14T15:21:58Z</time></trkpt><trkpt lat="42.863695" lon="-8.574185"><ele>199.582</ele><time>2021-09-14T15:22:04Z</time></trkpt><trkpt lat="42.863743" lon="-8.574207"><ele>199.343</ele><time>2021-09-14T15:22:08Z</time></trkpt><trkpt lat="42.863782" lon="-8.574238"><ele>199.217</ele><time>2021-09-14T15:22:11Z</time></trkpt><trkpt lat="42.863827" lon="-8.574266"><ele>199.008</ele><time>2021-09-14T15:22:14Z</time></trkpt><trkpt lat="42.863869" lon="-8.574305"><ele>198.826</ele><time>2021-09-14T15:22:18Z</time></trkpt><trkpt lat="42.863909" lon="-8.574349"><ele>198.521</ele><time>2021-09-14T15:22:22Z</time></trkpt><trkpt lat="42.863947" lon="-8.574399"><ele>197.746</ele><time>2021-09-14T15:22:27Z</time></trkpt><trkpt lat="42.863988" lon="-8.574447"><ele>197.392</ele><time>2021-09-14T15:22:32Z</time></trkpt><trkpt lat="42.864018" lon="-8.574495"><ele>196.967</ele><time>2021-09-14T15:22:36Z</time></trkpt><trkpt lat="42.864049" lon="-8.574544"><ele>196.042</ele><time>2021-09-14T15:22:40Z</time></trkpt><trkpt lat="42.864081" lon="-8.574599"><ele>195.774</ele><time>2021-09-14T15:22:44Z</time></trkpt><trkpt lat="42.864118" lon="-8.574650"><ele>194.831</ele><time>2021-09-14T15:22:48Z</time></trkpt><trkpt lat="42.864163" lon="-8.574703"><ele>194.239</ele><time>2021-09-14T15:22:51Z</time></trkpt><trkpt lat="42.864184" lon="-8.574760"><ele>193.501</ele><time>2021-09-14T15:22:57Z</time></trkpt><trkpt lat="42.864217" lon="-8.574820"><ele>192.921</ele><time>2021-09-14T15:23:02Z</time></trkpt><trkpt lat="42.864250" lon="-8.574872"><ele>192.508</ele><time>2021-09-14T15:23:07Z</time></trkpt><trkpt lat="42.864284" lon="-8.574921"><ele>192.091</ele><time>2021-09-14T15:23:12Z</time></trkpt><trkpt lat="42.864315" lon="-8.574979"><ele>191.876</ele><time>2021-09-14T15:23:17Z</time></trkpt><trkpt lat="42.864354" lon="-8.575026"><ele>191.621</ele><time>2021-09-14T15:23:21Z</time></trkpt><trkpt lat="42.864393" lon="-8.575077"><ele>191.467</ele><time>2021-09-14T15:23:26Z</time></trkpt><trkpt lat="42.864434" lon="-8.575118"><ele>191.122</ele><time>2021-09-14T15:23:31Z</time></trkpt><trkpt lat="42.864471" lon="-8.575165"><ele>190.467</ele><time>2021-09-14T15:23:35Z</time></trkpt><trkpt lat="42.864505" lon="-8.575225"><ele>190.329</ele><time>2021-09-14T15:23:40Z</time></trkpt><trkpt lat="42.864543" lon="-8.575272"><ele>190.126</ele><time>2021-09-14T15:23:44Z</time></trkpt><trkpt lat="42.864580" lon="-8.575318"><ele>189.912</ele><time>2021-09-14T15:23:48Z</time></trkpt><trkpt lat="42.864617" lon="-8.575370"><ele>189.632</ele><time>2021-09-14T15:23:52Z</time></trkpt><trkpt lat="42.864646" lon="-8.575431"><ele>189.405</ele><time>2021-09-14T15:23:57Z</time></trkpt><trkpt lat="42.864677" lon="-8.575482"><ele>189.408</ele><time>2021-09-14T15:24:01Z</time></trkpt><trkpt lat="42.864706" lon="-8.575539"><ele>189.499</ele><time>2021-09-14T15:24:05Z</time></trkpt><trkpt lat="42.864734" lon="-8.575590"><ele>189.444</ele><time>2021-09-14T15:24:10Z</time></trkpt><trkpt lat="42.864772" lon="-8.575644"><ele>189.649</ele><time>2021-09-14T15:24:27Z</time></trkpt><trkpt lat="42.864808" lon="-8.575682"><ele>189.615</ele><time>2021-09-14T15:24:31Z</time></trkpt><trkpt lat="42.864843" lon="-8.575737"><ele>189.720</ele><time>2021-09-14T15:24:36Z</time></trkpt><trkpt lat="42.864876" lon="-8.575784"><ele>189.845</ele><time>2021-09-14T15:24:39Z</time></trkpt><trkpt lat="42.864903" lon="-8.575839"><ele>189.997</ele><time>2021-09-14T15:24:43Z</time></trkpt><trkpt lat="42.864929" lon="-8.575902"><ele>190.114</ele><time>2021-09-14T15:24:48Z</time></trkpt><trkpt lat="42.864956" lon="-8.575952"><ele>190.134</ele><time>2021-09-14T15:24:53Z</time></trkpt><trkpt lat="42.864988" lon="-8.575997"><ele>190.155</ele><time>2021-09-14T15:25:00Z</time></trkpt><trkpt lat="42.865036" lon="-8.575984"><ele>190.110</ele><time>2021-09-14T15:25:05Z</time></trkpt><trkpt lat="42.865074" lon="-8.575933"><ele>190.008</ele><time>2021-09-14T15:25:09Z</time></trkpt><trkpt lat="42.865118" lon="-8.575884"><ele>189.871</ele><time>2021-09-14T15:25:13Z</time></trkpt><trkpt lat="42.865150" lon="-8.575839"><ele>189.016</ele><time>2021-09-14T15:25:17Z</time></trkpt><trkpt lat="42.865190" lon="-8.575792"><ele>187.881</ele><time>2021-09-14T15:25:22Z</time></trkpt><trkpt lat="42.865226" lon="-8.575743"><ele>187.287</ele><time>2021-09-14T15:25:27Z</time></trkpt><trkpt lat="42.865251" lon="-8.575691"><ele>186.632</ele><time>2021-09-14T15:25:31Z</time></trkpt><trkpt lat="42.865292" lon="-8.575645"><ele>185.527</ele><time>2021-09-14T15:25:36Z</time></trkpt><trkpt lat="42.865324" lon="-8.575601"><ele>185.289</ele><time>2021-09-14T15:25:40Z</time></trkpt><trkpt lat="42.865361" lon="-8.575546"><ele>184.016</ele><time>2021-09-14T15:25:44Z</time></trkpt><trkpt lat="42.865387" lon="-8.575495"><ele>183.314</ele><time>2021-09-14T15:25:48Z</time></trkpt><trkpt lat="42.865437" lon="-8.575452"><ele>182.754</ele><time>2021-09-14T15:25:53Z</time></trkpt><trkpt lat="42.865480" lon="-8.575414"><ele>181.909</ele><time>2021-09-14T15:25:57Z</time></trkpt><trkpt lat="42.865519" lon="-8.575376"><ele>181.308</ele><time>2021-09-14T15:26:01Z</time></trkpt><trkpt lat="42.865564" lon="-8.575349"><ele>180.979</ele><time>2021-09-14T15:26:05Z</time></trkpt><trkpt lat="42.865614" lon="-8.575322"><ele>180.584</ele><time>2021-09-14T15:26:09Z</time></trkpt><trkpt lat="42.865655" lon="-8.575279"><ele>179.639</ele><time>2021-09-14T15:26:14Z</time></trkpt><trkpt lat="42.865688" lon="-8.575232"><ele>179.175</ele><time>2021-09-14T15:26:18Z</time></trkpt><trkpt lat="42.865730" lon="-8.575183"><ele>178.510</ele><time>2021-09-14T15:26:23Z</time></trkpt><trkpt lat="42.865765" lon="-8.575140"><ele>178.275</ele><time>2021-09-14T15:26:27Z</time></trkpt><trkpt lat="42.865804" lon="-8.575099"><ele>177.667</ele><time>2021-09-14T15:26:32Z</time></trkpt><trkpt lat="42.865856" lon="-8.575062"><ele>176.784</ele><time>2021-09-14T15:26:37Z</time></trkpt><trkpt lat="42.865904" lon="-8.575048"><ele>175.985</ele><time>2021-09-14T15:26:41Z</time></trkpt><trkpt lat="42.865951" lon="-8.575042"><ele>175.389</ele><time>2021-09-14T15:26:45Z</time></trkpt><trkpt lat="42.865996" lon="-8.575051"><ele>173.817</ele><time>2021-09-14T15:26:59Z</time></trkpt><trkpt lat="42.866030" lon="-8.574993"><ele>173.608</ele><time>2021-09-14T15:27:11Z</time></trkpt><trkpt lat="42.866046" lon="-8.574925"><ele>173.516</ele><time>2021-09-14T15:27:16Z</time></trkpt><trkpt lat="42.866040" lon="-8.574862"><ele>173.451</ele><time>2021-09-14T15:27:20Z</time></trkpt><trkpt lat="42.866048" lon="-8.574790"><ele>173.446</ele><time>2021-09-14T15:27:24Z</time></trkpt><trkpt lat="42.866069" lon="-8.574728"><ele>173.392</ele><time>2021-09-14T15:27:29Z</time></trkpt><trkpt lat="42.866085" lon="-8.574658"><ele>173.227</ele><time>2021-09-14T15:27:34Z</time></trkpt><trkpt lat="42.866083" lon="-8.574587"><ele>173.162</ele><time>2021-09-14T15:27:39Z</time></trkpt><trkpt lat="42.866085" lon="-8.574514"><ele>172.994</ele><time>2021-09-14T15:27:44Z</time></trkpt><trkpt lat="42.866093" lon="-8.574442"><ele>172.821</ele><time>2021-09-14T15:27:48Z</time></trkpt><trkpt lat="42.866100" lon="-8.574373"><ele>172.751</ele><time>2021-09-14T15:27:52Z</time></trkpt><trkpt lat="42.866119" lon="-8.574305"><ele>172.101</ele><time>2021-09-14T15:27:56Z</time></trkpt><trkpt lat="42.866138" lon="-8.574237"><ele>171.511</ele><time>2021-09-14T15:28:00Z</time></trkpt><trkpt lat="42.866139" lon="-8.574175"><ele>171.008</ele><time>2021-09-14T15:28:04Z</time></trkpt><trkpt lat="42.866143" lon="-8.574113"><ele>170.963</ele><time>2021-09-14T15:28:08Z</time></trkpt><trkpt lat="42.866130" lon="-8.574044"><ele>170.938</ele><time>2021-09-14T15:28:12Z</time></trkpt><trkpt lat="42.866114" lon="-8.573979"><ele>170.753</ele><time>2021-09-14T15:28:18Z</time></trkpt><trkpt lat="42.866092" lon="-8.573921"><ele>170.619</ele><time>2021-09-14T15:28:23Z</time></trkpt><trkpt lat="42.866082" lon="-8.573861"><ele>170.534</ele><time>2021-09-14T15:28:27Z</time></trkpt><trkpt lat="42.866061" lon="-8.573793"><ele>170.429</ele><time>2021-09-14T15:28:31Z</time></trkpt><trkpt lat="42.866045" lon="-8.573724"><ele>170.351</ele><time>2021-09-14T15:28:36Z</time></trkpt><trkpt lat="42.866046" lon="-8.573655"><ele>170.248</ele><time>2021-09-14T15:28:42Z</time></trkpt><trkpt lat="42.866053" lon="-8.573577"><ele>170.125</ele><time>2021-09-14T15:28:46Z</time></trkpt><trkpt lat="42.866051" lon="-8.573505"><ele>170.026</ele><time>2021-09-14T15:28:50Z</time></trkpt><trkpt lat="42.866043" lon="-8.573440"><ele>169.808</ele><time>2021-09-14T15:28:55Z</time></trkpt><trkpt lat="42.866017" lon="-8.573366"><ele>169.508</ele><time>2021-09-14T15:28:59Z</time></trkpt><trkpt lat="42.865986" lon="-8.573306"><ele>169.120</ele><time>2021-09-14T15:29:03Z</time></trkpt><trkpt lat="42.865959" lon="-8.573243"><ele>168.895</ele><time>2021-09-14T15:29:08Z</time></trkpt><trkpt lat="42.865932" lon="-8.573185"><ele>168.740</ele><time>2021-09-14T15:29:12Z</time></trkpt><trkpt lat="42.865902" lon="-8.573139"><ele>168.516</ele><time>2021-09-14T15:29:15Z</time></trkpt><trkpt lat="42.865877" lon="-8.573082"><ele>168.091</ele><time>2021-09-14T15:29:19Z</time></trkpt><trkpt lat="42.865858" lon="-8.573016"><ele>167.926</ele><time>2021-09-14T15:29:23Z</time></trkpt><trkpt lat="42.865839" lon="-8.572950"><ele>167.788</ele><time>2021-09-14T15:29:27Z</time></trkpt><trkpt lat="42.865818" lon="-8.572890"><ele>167.685</ele><time>2021-09-14T15:29:31Z</time></trkpt><trkpt lat="42.865797" lon="-8.572825"><ele>167.521</ele><time>2021-09-14T15:29:35Z</time></trkpt><trkpt lat="42.865787" lon="-8.572756"><ele>167.341</ele><time>2021-09-14T15:29:39Z</time></trkpt><trkpt lat="42.865746" lon="-8.572701"><ele>167.105</ele><time>2021-09-14T15:29:45Z</time></trkpt><trkpt lat="42.865717" lon="-8.572638"><ele>167.008</ele><time>2021-09-14T15:29:49Z</time></trkpt><trkpt lat="42.865720" lon="-8.572574"><ele>166.980</ele><time>2021-09-14T15:29:58Z</time></trkpt><trkpt lat="42.865763" lon="-8.572536"><ele>166.975</ele><time>2021-09-14T15:30:12Z</time></trkpt><trkpt lat="42.865803" lon="-8.572502"><ele>166.860</ele><time>2021-09-14T15:30:18Z</time></trkpt><trkpt lat="42.865845" lon="-8.572471"><ele>166.936</ele><time>2021-09-14T15:30:23Z</time></trkpt><trkpt lat="42.865891" lon="-8.572445"><ele>166.991</ele><time>2021-09-14T15:30:27Z</time></trkpt><trkpt lat="42.865921" lon="-8.572396"><ele>166.816</ele><time>2021-09-14T15:30:32Z</time></trkpt><trkpt lat="42.865913" lon="-8.572321"><ele>166.728</ele><time>2021-09-14T15:30:37Z</time></trkpt><trkpt lat="42.865893" lon="-8.572252"><ele>166.775</ele><time>2021-09-14T15:30:42Z</time></trkpt><trkpt lat="42.865889" lon="-8.572190"><ele>166.743</ele><time>2021-09-14T15:30:48Z</time></trkpt><trkpt lat="42.865869" lon="-8.572132"><ele>166.864</ele><time>2021-09-14T15:30:52Z</time></trkpt><trkpt lat="42.865822" lon="-8.572072"><ele>166.910</ele><time>2021-09-14T15:30:56Z</time></trkpt><trkpt lat="42.865786" lon="-8.572029"><ele>167.008</ele><time>2021-09-14T15:31:02Z</time></trkpt><trkpt lat="42.865776" lon="-8.571964"><ele>167.012</ele><time>2021-09-14T15:31:05Z</time></trkpt><trkpt lat="42.865782" lon="-8.571900"><ele>167.017</ele><time>2021-09-14T15:31:08Z</time></trkpt><trkpt lat="42.865795" lon="-8.571838"><ele>167.242</ele><time>2021-09-14T15:31:14Z</time></trkpt><trkpt lat="42.865811" lon="-8.571754"><ele>167.448</ele><time>2021-09-14T15:31:21Z</time></trkpt><trkpt lat="42.865800" lon="-8.571679"><ele>167.543</ele><time>2021-09-14T15:31:25Z</time></trkpt><trkpt lat="42.865781" lon="-8.571606"><ele>167.618</ele><time>2021-09-14T15:31:28Z</time></trkpt><trkpt lat="42.865787" lon="-8.571535"><ele>167.740</ele><time>2021-09-14T15:31:31Z</time></trkpt><trkpt lat="42.865798" lon="-8.571466"><ele>167.917</ele><time>2021-09-14T15:31:36Z</time></trkpt><trkpt lat="42.865807" lon="-8.571402"><ele>168.149</ele><time>2021-09-14T15:31:40Z</time></trkpt><trkpt lat="42.865815" lon="-8.571339"><ele>168.302</ele><time>2021-09-14T15:31:46Z</time></trkpt><trkpt lat="42.865802" lon="-8.571265"><ele>168.422</ele><time>2021-09-14T15:31:52Z</time></trkpt><trkpt lat="42.865767" lon="-8.571219"><ele>168.608</ele><time>2021-09-14T15:31:58Z</time></trkpt><trkpt lat="42.865738" lon="-8.571172"><ele>168.842</ele><time>2021-09-14T15:32:04Z</time></trkpt><trkpt lat="42.865699" lon="-8.571129"><ele>168.927</ele><time>2021-09-14T15:32:07Z</time></trkpt><trkpt lat="42.865662" lon="-8.571086"><ele>169.342</ele><time>2021-09-14T15:32:10Z</time></trkpt><trkpt lat="42.865615" lon="-8.571040"><ele>170.458</ele><time>2021-09-14T15:32:14Z</time></trkpt><trkpt lat="42.865577" lon="-8.571005"><ele>170.983</ele><time>2021-09-14T15:32:19Z</time></trkpt><trkpt lat="42.865538" lon="-8.570973"><ele>171.428</ele><time>2021-09-14T15:32:23Z</time></trkpt><trkpt lat="42.865496" lon="-8.570944"><ele>171.660</ele><time>2021-09-14T15:32:27Z</time></trkpt><trkpt lat="42.865445" lon="-8.570914"><ele>172.047</ele><time>2021-09-14T15:32:33Z</time></trkpt><trkpt lat="42.865414" lon="-8.570864"><ele>172.686</ele><time>2021-09-14T15:32:39Z</time></trkpt><trkpt lat="42.865371" lon="-8.570828"><ele>173.060</ele><time>2021-09-14T15:32:44Z</time></trkpt><trkpt lat="42.865334" lon="-8.570790"><ele>173.526</ele><time>2021-09-14T15:32:50Z</time></trkpt><trkpt lat="42.865285" lon="-8.570754"><ele>174.108</ele><time>2021-09-14T15:32:56Z</time></trkpt><trkpt lat="42.865243" lon="-8.570725"><ele>174.476</ele><time>2021-09-14T15:33:00Z</time></trkpt><trkpt lat="42.865190" lon="-8.570693"><ele>174.821</ele><time>2021-09-14T15:33:06Z</time></trkpt><trkpt lat="42.865166" lon="-8.570640"><ele>175.146</ele><time>2021-09-14T15:33:11Z</time></trkpt><trkpt lat="42.865142" lon="-8.570580"><ele>175.742</ele><time>2021-09-14T15:33:18Z</time></trkpt><trkpt lat="42.865107" lon="-8.570525"><ele>176.157</ele><time>2021-09-14T15:33:22Z</time></trkpt><trkpt lat="42.865067" lon="-8.570482"><ele>176.452</ele><time>2021-09-14T15:33:27Z</time></trkpt><trkpt lat="42.865034" lon="-8.570439"><ele>177.094</ele><time>2021-09-14T15:33:31Z</time></trkpt><trkpt lat="42.864998" lon="-8.570393"><ele>177.111</ele><time>2021-09-14T15:33:34Z</time></trkpt><trkpt lat="42.864961" lon="-8.570352"><ele>177.341</ele><time>2021-09-14T15:33:37Z</time></trkpt><trkpt lat="42.864930" lon="-8.570304"><ele>178.281</ele><time>2021-09-14T15:33:42Z</time></trkpt><trkpt lat="42.864907" lon="-8.570244"><ele>178.609</ele><time>2021-09-14T15:33:47Z</time></trkpt><trkpt lat="42.864876" lon="-8.570193"><ele>178.808</ele><time>2021-09-14T15:33:50Z</time></trkpt><trkpt lat="42.864832" lon="-8.570156"><ele>179.562</ele><time>2021-09-14T15:33:55Z</time></trkpt><trkpt lat="42.864786" lon="-8.570144"><ele>179.767</ele><time>2021-09-14T15:33:59Z</time></trkpt><trkpt lat="42.864733" lon="-8.570116"><ele>179.882</ele><time>2021-09-14T15:34:04Z</time></trkpt><trkpt lat="42.864684" lon="-8.570080"><ele>180.098</ele><time>2021-09-14T15:34:09Z</time></trkpt><trkpt lat="42.864641" lon="-8.570026"><ele>180.093</ele><time>2021-09-14T15:34:14Z</time></trkpt><trkpt lat="42.864612" lon="-8.569976"><ele>179.988</ele><time>2021-09-14T15:34:17Z</time></trkpt><trkpt lat="42.864574" lon="-8.569939"><ele>179.890</ele><time>2021-09-14T15:34:20Z</time></trkpt><trkpt lat="42.864535" lon="-8.569899"><ele>179.647</ele><time>2021-09-14T15:34:24Z</time></trkpt><trkpt lat="42.864493" lon="-8.569859"><ele>179.456</ele><time>2021-09-14T15:34:29Z</time></trkpt><trkpt lat="42.864446" lon="-8.569863"><ele>178.959</ele><time>2021-09-14T15:34:34Z</time></trkpt><trkpt lat="42.864399" lon="-8.569885"><ele>178.714</ele><time>2021-09-14T15:34:39Z</time></trkpt><trkpt lat="42.864363" lon="-8.569925"><ele>178.608</ele><time>2021-09-14T15:34:42Z</time></trkpt><trkpt lat="42.864310" lon="-8.569922"><ele>178.513</ele><time>2021-09-14T15:34:46Z</time></trkpt><trkpt lat="42.864262" lon="-8.569915"><ele>178.498</ele><time>2021-09-14T15:34:51Z</time></trkpt><trkpt lat="42.864217" lon="-8.569929"><ele>178.413</ele><time>2021-09-14T15:34:56Z</time></trkpt><trkpt lat="42.864191" lon="-8.569981"><ele>178.419</ele><time>2021-09-14T15:35:01Z</time></trkpt><trkpt lat="42.864151" lon="-8.570015"><ele>178.444</ele><time>2021-09-14T15:35:05Z</time></trkpt><trkpt lat="42.864107" lon="-8.569991"><ele>178.519</ele><time>2021-09-14T15:35:10Z</time></trkpt><trkpt lat="42.864060" lon="-8.570013"><ele>178.631</ele><time>2021-09-14T15:35:14Z</time></trkpt><trkpt lat="42.864011" lon="-8.570052"><ele>178.668</ele><time>2021-09-14T15:35:18Z</time></trkpt><trkpt lat="42.863963" lon="-8.570095"><ele>178.744</ele><time>2021-09-14T15:35:22Z</time></trkpt><trkpt lat="42.863919" lon="-8.570119"><ele>179.005</ele><time>2021-09-14T15:35:26Z</time></trkpt><trkpt lat="42.863874" lon="-8.570129"><ele>179.215</ele><time>2021-09-14T15:35:29Z</time></trkpt><trkpt lat="42.863826" lon="-8.570129"><ele>179.508</ele><time>2021-09-14T15:35:33Z</time></trkpt><trkpt lat="42.863767" lon="-8.570137"><ele>179.762</ele><time>2021-09-14T15:35:37Z</time></trkpt><trkpt lat="42.863708" lon="-8.570142"><ele>180.297</ele><time>2021-09-14T15:35:41Z</time></trkpt><trkpt lat="42.863650" lon="-8.570142"><ele>180.612</ele><time>2021-09-14T15:35:45Z</time></trkpt><trkpt lat="42.863600" lon="-8.570152"><ele>180.888</ele><time>2021-09-14T15:35:50Z</time></trkpt><trkpt lat="42.863554" lon="-8.570142"><ele>180.963</ele><time>2021-09-14T15:35:54Z</time></trkpt><trkpt lat="42.863506" lon="-8.570138"><ele>181.128</ele><time>2021-09-14T15:35:59Z</time></trkpt><trkpt lat="42.863448" lon="-8.570138"><ele>181.220</ele><time>2021-09-14T15:36:03Z</time></trkpt><trkpt lat="42.863388" lon="-8.570153"><ele>181.587</ele><time>2021-09-14T15:36:06Z</time></trkpt><trkpt lat="42.863338" lon="-8.570160"><ele>181.642</ele><time>2021-09-14T15:36:10Z</time></trkpt><trkpt lat="42.863284" lon="-8.570166"><ele>181.722</ele><time>2021-09-14T15:36:14Z</time></trkpt><trkpt lat="42.863231" lon="-8.570161"><ele>182.114</ele><time>2021-09-14T15:36:19Z</time></trkpt><trkpt lat="42.863185" lon="-8.570180"><ele>182.208</ele><time>2021-09-14T15:36:23Z</time></trkpt><trkpt lat="42.863131" lon="-8.570202"><ele>182.452</ele><time>2021-09-14T15:36:27Z</time></trkpt><trkpt lat="42.863080" lon="-8.570216"><ele>182.447</ele><time>2021-09-14T15:36:34Z</time></trkpt><trkpt lat="42.863027" lon="-8.570228"><ele>182.512</ele><time>2021-09-14T15:36:38Z</time></trkpt><trkpt lat="42.862978" lon="-8.570214"><ele>182.318</ele><time>2021-09-14T15:36:42Z</time></trkpt><trkpt lat="42.862930" lon="-8.570217"><ele>182.653</ele><time>2021-09-14T15:36:45Z</time></trkpt><trkpt lat="42.862878" lon="-8.570224"><ele>182.398</ele><time>2021-09-14T15:36:50Z</time></trkpt><trkpt lat="42.862842" lon="-8.570170"><ele>182.510</ele><time>2021-09-14T15:36:57Z</time></trkpt><trkpt lat="42.862802" lon="-8.570131"><ele>182.617</ele><time>2021-09-14T15:37:01Z</time></trkpt><trkpt lat="42.862758" lon="-8.570108"><ele>182.869</ele><time>2021-09-14T15:37:04Z</time></trkpt><trkpt lat="42.862715" lon="-8.570081"><ele>182.804</ele><time>2021-09-14T15:37:07Z</time></trkpt><trkpt lat="42.862661" lon="-8.570065"><ele>183.024</ele><time>2021-09-14T15:37:11Z</time></trkpt><trkpt lat="42.862605" lon="-8.570063"><ele>183.308</ele><time>2021-09-14T15:37:14Z</time></trkpt><trkpt lat="42.862555" lon="-8.570066"><ele>183.544</ele><time>2021-09-14T15:37:17Z</time></trkpt><trkpt lat="42.862499" lon="-8.570025"><ele>183.739</ele><time>2021-09-14T15:37:21Z</time></trkpt><trkpt lat="42.862454" lon="-8.570002"><ele>184.024</ele><time>2021-09-14T15:37:27Z</time></trkpt><trkpt lat="42.862418" lon="-8.569955"><ele>184.410</ele><time>2021-09-14T15:37:31Z</time></trkpt><trkpt lat="42.862380" lon="-8.569911"><ele>184.685</ele><time>2021-09-14T15:37:36Z</time></trkpt><trkpt lat="42.862325" lon="-8.569902"><ele>185.380</ele><time>2021-09-14T15:37:41Z</time></trkpt><trkpt lat="42.862275" lon="-8.569876"><ele>185.912</ele><time>2021-09-14T15:37:48Z</time></trkpt><trkpt lat="42.862229" lon="-8.569883"><ele>186.629</ele><time>2021-09-14T15:37:52Z</time></trkpt><trkpt lat="42.862170" lon="-8.569874"><ele>187.242</ele><time>2021-09-14T15:37:58Z</time></trkpt><trkpt lat="42.862119" lon="-8.569873"><ele>187.522</ele><time>2021-09-14T15:38:00Z</time></trkpt><trkpt lat="42.862064" lon="-8.569866"><ele>188.414</ele><time>2021-09-14T15:38:05Z</time></trkpt><trkpt lat="42.862018" lon="-8.569833"><ele>189.008</ele><time>2021-09-14T15:38:09Z</time></trkpt><trkpt lat="42.861969" lon="-8.569814"><ele>189.992</ele><time>2021-09-14T15:38:14Z</time></trkpt><trkpt lat="42.861923" lon="-8.569804"><ele>190.217</ele><time>2021-09-14T15:38:29Z</time></trkpt><trkpt lat="42.861878" lon="-8.569797"><ele>190.252</ele><time>2021-09-14T15:38:34Z</time></trkpt><trkpt lat="42.861831" lon="-8.569759"><ele>190.068</ele><time>2021-09-14T15:38:48Z</time></trkpt><trkpt lat="42.861796" lon="-8.569688"><ele>189.783</ele><time>2021-09-14T15:38:52Z</time></trkpt><trkpt lat="42.861765" lon="-8.569639"><ele>189.198</ele><time>2021-09-14T15:38:54Z</time></trkpt><trkpt lat="42.861710" lon="-8.569595"><ele>188.810</ele><time>2021-09-14T15:38:56Z</time></trkpt><trkpt lat="42.861684" lon="-8.569520"><ele>188.787</ele><time>2021-09-14T15:38:59Z</time></trkpt><trkpt lat="42.861708" lon="-8.569449"><ele>189.826</ele><time>2021-09-14T15:39:04Z</time></trkpt><trkpt lat="42.861740" lon="-8.569397"><ele>190.247</ele><time>2021-09-14T15:39:07Z</time></trkpt><trkpt lat="42.861770" lon="-8.569351"><ele>190.611</ele><time>2021-09-14T15:39:11Z</time></trkpt><trkpt lat="42.861815" lon="-8.569297"><ele>191.108</ele><time>2021-09-14T15:39:16Z</time></trkpt><trkpt lat="42.861851" lon="-8.569246"><ele>191.890</ele><time>2021-09-14T15:39:20Z</time></trkpt><trkpt lat="42.861873" lon="-8.569190"><ele>192.455</ele><time>2021-09-14T15:39:26Z</time></trkpt><trkpt lat="42.861872" lon="-8.569128"><ele>192.630</ele><time>2021-09-14T15:39:29Z</time></trkpt><trkpt lat="42.861900" lon="-8.569062"><ele>193.366</ele><time>2021-09-14T15:39:34Z</time></trkpt><trkpt lat="42.861931" lon="-8.569011"><ele>193.581</ele><time>2021-09-14T15:39:38Z</time></trkpt><trkpt lat="42.861979" lon="-8.568983"><ele>193.996</ele><time>2021-09-14T15:39:43Z</time></trkpt><trkpt lat="42.862024" lon="-8.568954"><ele>194.288</ele><time>2021-09-14T15:39:50Z</time></trkpt><trkpt lat="42.862064" lon="-8.568909"><ele>194.645</ele><time>2021-09-14T15:40:03Z</time></trkpt><trkpt lat="42.862094" lon="-8.568847"><ele>194.657</ele><time>2021-09-14T15:40:08Z</time></trkpt><trkpt lat="42.862125" lon="-8.568784"><ele>194.700</ele><time>2021-09-14T15:40:13Z</time></trkpt><trkpt lat="42.862159" lon="-8.568742"><ele>194.820</ele><time>2021-09-14T15:40:17Z</time></trkpt><trkpt lat="42.862188" lon="-8.568689"><ele>194.808</ele><time>2021-09-14T15:40:21Z</time></trkpt><trkpt lat="42.862216" lon="-8.568626"><ele>194.973</ele><time>2021-09-14T15:40:26Z</time></trkpt><trkpt lat="42.862242" lon="-8.568566"><ele>195.068</ele><time>2021-09-14T15:40:30Z</time></trkpt><trkpt lat="42.862258" lon="-8.568500"><ele>195.073</ele><time>2021-09-14T15:40:34Z</time></trkpt><trkpt lat="42.862291" lon="-8.568443"><ele>195.149</ele><time>2021-09-14T15:40:39Z</time></trkpt><trkpt lat="42.862318" lon="-8.568382"><ele>195.264</ele><time>2021-09-14T15:40:43Z</time></trkpt><trkpt lat="42.862342" lon="-8.568315"><ele>195.389</ele><time>2021-09-14T15:40:47Z</time></trkpt><trkpt lat="42.862368" lon="-8.568260"><ele>195.341</ele><time>2021-09-14T15:40:52Z</time></trkpt><trkpt lat="42.862394" lon="-8.568199"><ele>195.618</ele><time>2021-09-14T15:40:56Z</time></trkpt><trkpt lat="42.862416" lon="-8.568139"><ele>195.656</ele><time>2021-09-14T15:41:00Z</time></trkpt><trkpt lat="42.862432" lon="-8.568078"><ele>195.659</ele><time>2021-09-14T15:41:04Z</time></trkpt><trkpt lat="42.862434" lon="-8.568002"><ele>195.814</ele><time>2021-09-14T15:41:09Z</time></trkpt><trkpt lat="42.862423" lon="-8.567940"><ele>196.008</ele><time>2021-09-14T15:41:15Z</time></trkpt><trkpt lat="42.862422" lon="-8.567871"><ele>196.413</ele><time>2021-09-14T15:41:20Z</time></trkpt><trkpt lat="42.862410" lon="-8.567809"><ele>196.598</ele><time>2021-09-14T15:41:23Z</time></trkpt><trkpt lat="42.862409" lon="-8.567745"><ele>196.823</ele><time>2021-09-14T15:41:26Z</time></trkpt><trkpt lat="42.862401" lon="-8.567675"><ele>196.989</ele><time>2021-09-14T15:41:29Z</time></trkpt><trkpt lat="42.862358" lon="-8.567609"><ele>197.384</ele><time>2021-09-14T15:41:32Z</time></trkpt><trkpt lat="42.862354" lon="-8.567541"><ele>197.479</ele><time>2021-09-14T15:41:36Z</time></trkpt><trkpt lat="42.862362" lon="-8.567475"><ele>197.451</ele><time>2021-09-14T15:41:40Z</time></trkpt><trkpt lat="42.862380" lon="-8.567407"><ele>197.498</ele><time>2021-09-14T15:41:45Z</time></trkpt><trkpt lat="42.862379" lon="-8.567330"><ele>197.493</ele><time>2021-09-14T15:41:50Z</time></trkpt><trkpt lat="42.862361" lon="-8.567268"><ele>197.265</ele><time>2021-09-14T15:41:54Z</time></trkpt><trkpt lat="42.862377" lon="-8.567203"><ele>197.121</ele><time>2021-09-14T15:41:59Z</time></trkpt><trkpt lat="42.862358" lon="-8.567128"><ele>196.708</ele><time>2021-09-14T15:42:05Z</time></trkpt><trkpt lat="42.862376" lon="-8.567061"><ele>196.117</ele><time>2021-09-14T15:42:09Z</time></trkpt><trkpt lat="42.862406" lon="-8.567007"><ele>195.842</ele><time>2021-09-14T15:42:13Z</time></trkpt><trkpt lat="42.862441" lon="-8.566968"><ele>195.547</ele><time>2021-09-14T15:42:17Z</time></trkpt><trkpt lat="42.862475" lon="-8.566918"><ele>195.433</ele><time>2021-09-14T15:42:21Z</time></trkpt><trkpt lat="42.862521" lon="-8.566870"><ele>195.428</ele><time>2021-09-14T15:42:25Z</time></trkpt><trkpt lat="42.862561" lon="-8.566822"><ele>195.823</ele><time>2021-09-14T15:42:29Z</time></trkpt><trkpt lat="42.862593" lon="-8.566773"><ele>196.095</ele><time>2021-09-14T15:42:33Z</time></trkpt><trkpt lat="42.862638" lon="-8.566728"><ele>196.242</ele><time>2021-09-14T15:42:38Z</time></trkpt><trkpt lat="42.862677" lon="-8.566694"><ele>196.417</ele><time>2021-09-14T15:42:42Z</time></trkpt><trkpt lat="42.862717" lon="-8.566660"><ele>196.587</ele><time>2021-09-14T15:42:46Z</time></trkpt><trkpt lat="42.862754" lon="-8.566620"><ele>196.815</ele><time>2021-09-14T15:42:50Z</time></trkpt><trkpt lat="42.862803" lon="-8.566613"><ele>196.908</ele><time>2021-09-14T15:42:53Z</time></trkpt><trkpt lat="42.862843" lon="-8.566571"><ele>197.189</ele><time>2021-09-14T15:42:58Z</time></trkpt><trkpt lat="42.862893" lon="-8.566538"><ele>197.324</ele><time>2021-09-14T15:43:02Z</time></trkpt><trkpt lat="42.862931" lon="-8.566497"><ele>197.589</ele><time>2021-09-14T15:43:05Z</time></trkpt><trkpt lat="42.862968" lon="-8.566443"><ele>197.775</ele><time>2021-09-14T15:43:09Z</time></trkpt><trkpt lat="42.863002" lon="-8.566388"><ele>198.060</ele><time>2021-09-14T15:43:14Z</time></trkpt><trkpt lat="42.863037" lon="-8.566341"><ele>198.385</ele><time>2021-09-14T15:43:19Z</time></trkpt><trkpt lat="42.863063" lon="-8.566289"><ele>198.767</ele><time>2021-09-14T15:43:23Z</time></trkpt><trkpt lat="42.863102" lon="-8.566238"><ele>198.984</ele><time>2021-09-14T15:43:27Z</time></trkpt><trkpt lat="42.863130" lon="-8.566171"><ele>199.388</ele><time>2021-09-14T15:43:31Z</time></trkpt><trkpt lat="42.863157" lon="-8.566097"><ele>199.624</ele><time>2021-09-14T15:43:35Z</time></trkpt><trkpt lat="42.863198" lon="-8.566032"><ele>200.026</ele><time>2021-09-14T15:43:39Z</time></trkpt><trkpt lat="42.863217" lon="-8.565966"><ele>200.608</ele><time>2021-09-14T15:43:44Z</time></trkpt><trkpt lat="42.863247" lon="-8.565910"><ele>201.266</ele><time>2021-09-14T15:43:51Z</time></trkpt><trkpt lat="42.863270" lon="-8.565856"><ele>201.461</ele><time>2021-09-14T15:43:55Z</time></trkpt><trkpt lat="42.863303" lon="-8.565798"><ele>201.876</ele><time>2021-09-14T15:43:59Z</time></trkpt><trkpt lat="42.863325" lon="-8.565736"><ele>202.132</ele><time>2021-09-14T15:44:04Z</time></trkpt><trkpt lat="42.863335" lon="-8.565664"><ele>202.857</ele><time>2021-09-14T15:44:17Z</time></trkpt><trkpt lat="42.863356" lon="-8.565596"><ele>203.372</ele><time>2021-09-14T15:44:21Z</time></trkpt><trkpt lat="42.863402" lon="-8.565568"><ele>203.584</ele><time>2021-09-14T15:44:25Z</time></trkpt><trkpt lat="42.863427" lon="-8.565497"><ele>203.981</ele><time>2021-09-14T15:44:31Z</time></trkpt><trkpt lat="42.863450" lon="-8.565434"><ele>204.248</ele><time>2021-09-14T15:44:36Z</time></trkpt><trkpt lat="42.863473" lon="-8.565371"><ele>205.561</ele><time>2021-09-14T15:44:41Z</time></trkpt><trkpt lat="42.863506" lon="-8.565317"><ele>205.917</ele><time>2021-09-14T15:44:46Z</time></trkpt><trkpt lat="42.863546" lon="-8.565283"><ele>206.208</ele><time>2021-09-14T15:44:50Z</time></trkpt><trkpt lat="42.863590" lon="-8.565266"><ele>206.542</ele><time>2021-09-14T15:44:54Z</time></trkpt><trkpt lat="42.863635" lon="-8.565239"><ele>206.977</ele><time>2021-09-14T15:44:59Z</time></trkpt><trkpt lat="42.863667" lon="-8.565196"><ele>207.032</ele><time>2021-09-14T15:45:08Z</time></trkpt><trkpt lat="42.863715" lon="-8.565178"><ele>207.068</ele><time>2021-09-14T15:45:26Z</time></trkpt><trkpt lat="42.863759" lon="-8.565149"><ele>207.073</ele><time>2021-09-14T15:45:30Z</time></trkpt><trkpt lat="42.863802" lon="-8.565126"><ele>206.978</ele><time>2021-09-14T15:45:34Z</time></trkpt><trkpt lat="42.863850" lon="-8.565090"><ele>206.940</ele><time>2021-09-14T15:45:39Z</time></trkpt><trkpt lat="42.863891" lon="-8.565060"><ele>206.727</ele><time>2021-09-14T15:45:43Z</time></trkpt><trkpt lat="42.863933" lon="-8.565018"><ele>206.156</ele><time>2021-09-14T15:45:49Z</time></trkpt><trkpt lat="42.863981" lon="-8.564991"><ele>206.059</ele><time>2021-09-14T15:45:53Z</time></trkpt><trkpt lat="42.864015" lon="-8.564948"><ele>205.914</ele><time>2021-09-14T15:45:56Z</time></trkpt><trkpt lat="42.864049" lon="-8.564888"><ele>205.808</ele><time>2021-09-14T15:46:00Z</time></trkpt><trkpt lat="42.864072" lon="-8.564835"><ele>205.833</ele><time>2021-09-14T15:46:04Z</time></trkpt><trkpt lat="42.864124" lon="-8.564807"><ele>205.618</ele><time>2021-09-14T15:46:08Z</time></trkpt><trkpt lat="42.864167" lon="-8.564773"><ele>205.613</ele><time>2021-09-14T15:46:12Z</time></trkpt><trkpt lat="42.864207" lon="-8.564720"><ele>205.759</ele><time>2021-09-14T15:46:16Z</time></trkpt><trkpt lat="42.864235" lon="-8.564669"><ele>205.684</ele><time>2021-09-14T15:46:20Z</time></trkpt><trkpt lat="42.864272" lon="-8.564619"><ele>205.659</ele><time>2021-09-14T15:46:23Z</time></trkpt><trkpt lat="42.864322" lon="-8.564582"><ele>205.631</ele><time>2021-09-14T15:46:28Z</time></trkpt><trkpt lat="42.864363" lon="-8.564537"><ele>205.598</ele><time>2021-09-14T15:46:32Z</time></trkpt><trkpt lat="42.864403" lon="-8.564486"><ele>205.313</ele><time>2021-09-14T15:46:36Z</time></trkpt><trkpt lat="42.864444" lon="-8.564433"><ele>205.343</ele><time>2021-09-14T15:46:40Z</time></trkpt><trkpt lat="42.864475" lon="-8.564381"><ele>205.307</ele><time>2021-09-14T15:46:44Z</time></trkpt><trkpt lat="42.864521" lon="-8.564340"><ele>205.308</ele><time>2021-09-14T15:46:48Z</time></trkpt><trkpt lat="42.864554" lon="-8.564286"><ele>205.369</ele><time>2021-09-14T15:46:52Z</time></trkpt><trkpt lat="42.864593" lon="-8.564233"><ele>205.374</ele><time>2021-09-14T15:46:56Z</time></trkpt><trkpt lat="42.864630" lon="-8.564183"><ele>205.269</ele><time>2021-09-14T15:47:00Z</time></trkpt><trkpt lat="42.864672" lon="-8.564129"><ele>205.225</ele><time>2021-09-14T15:47:04Z</time></trkpt><trkpt lat="42.864714" lon="-8.564090"><ele>205.260</ele><time>2021-09-14T15:47:08Z</time></trkpt><trkpt lat="42.864752" lon="-8.564053"><ele>205.235</ele><time>2021-09-14T15:47:13Z</time></trkpt><trkpt lat="42.864781" lon="-8.563993"><ele>205.287</ele><time>2021-09-14T15:47:16Z</time></trkpt><trkpt lat="42.864815" lon="-8.563942"><ele>205.274</ele><time>2021-09-14T15:47:20Z</time></trkpt><trkpt lat="42.864853" lon="-8.563904"><ele>205.161</ele><time>2021-09-14T15:47:25Z</time></trkpt><trkpt lat="42.864885" lon="-8.563855"><ele>205.121</ele><time>2021-09-14T15:47:29Z</time></trkpt><trkpt lat="42.864919" lon="-8.563814"><ele>205.113</ele><time>2021-09-14T15:47:32Z</time></trkpt><trkpt lat="42.864967" lon="-8.563771"><ele>205.108</ele><time>2021-09-14T15:47:36Z</time></trkpt><trkpt lat="42.865000" lon="-8.563725"><ele>205.154</ele><time>2021-09-14T15:47:39Z</time></trkpt><trkpt lat="42.865043" lon="-8.563694"><ele>205.199</ele><time>2021-09-14T15:47:43Z</time></trkpt><trkpt lat="42.865095" lon="-8.563656"><ele>205.164</ele><time>2021-09-14T15:47:53Z</time></trkpt><trkpt lat="42.865143" lon="-8.563638"><ele>205.130</ele><time>2021-09-14T15:47:58Z</time></trkpt><trkpt lat="42.865192" lon="-8.563617"><ele>205.075</ele><time>2021-09-14T15:48:01Z</time></trkpt><trkpt lat="42.865246" lon="-8.563589"><ele>205.060</ele><time>2021-09-14T15:48:04Z</time></trkpt><trkpt lat="42.865298" lon="-8.563562"><ele>205.172</ele><time>2021-09-14T15:48:07Z</time></trkpt><trkpt lat="42.865353" lon="-8.563535"><ele>205.149</ele><time>2021-09-14T15:48:10Z</time></trkpt><trkpt lat="42.865393" lon="-8.563483"><ele>205.038</ele><time>2021-09-14T15:48:13Z</time></trkpt><trkpt lat="42.865424" lon="-8.563434"><ele>205.170</ele><time>2021-09-14T15:48:15Z</time></trkpt><trkpt lat="42.865473" lon="-8.563372"><ele>205.117</ele><time>2021-09-14T15:48:18Z</time></trkpt><trkpt lat="42.865477" lon="-8.563302"><ele>205.108</ele><time>2021-09-14T15:48:21Z</time></trkpt><trkpt lat="42.865483" lon="-8.563241"><ele>205.151</ele><time>2021-09-14T15:48:23Z</time></trkpt><trkpt lat="42.865492" lon="-8.563174"><ele>205.136</ele><time>2021-09-14T15:48:27Z</time></trkpt><trkpt lat="42.865522" lon="-8.563113"><ele>205.051</ele><time>2021-09-14T15:48:31Z</time></trkpt><trkpt lat="42.865550" lon="-8.563059"><ele>205.087</ele><time>2021-09-14T15:48:35Z</time></trkpt><trkpt lat="42.865572" lon="-8.563003"><ele>205.012</ele><time>2021-09-14T15:48:39Z</time></trkpt><trkpt lat="42.865604" lon="-8.562959"><ele>205.017</ele><time>2021-09-14T15:48:43Z</time></trkpt><trkpt lat="42.865642" lon="-8.562909"><ele>204.979</ele><time>2021-09-14T15:48:47Z</time></trkpt><trkpt lat="42.865691" lon="-8.562897"><ele>204.986</ele><time>2021-09-14T15:48:54Z</time></trkpt><trkpt lat="42.865740" lon="-8.562893"><ele>204.934</ele><time>2021-09-14T15:48:58Z</time></trkpt><trkpt lat="42.865788" lon="-8.562920"><ele>204.955</ele><time>2021-09-14T15:49:02Z</time></trkpt><trkpt lat="42.865836" lon="-8.562955"><ele>205.010</ele><time>2021-09-14T15:49:06Z</time></trkpt><trkpt lat="42.865870" lon="-8.563004"><ele>205.108</ele><time>2021-09-14T15:49:10Z</time></trkpt><trkpt lat="42.865903" lon="-8.563063"><ele>205.211</ele><time>2021-09-14T15:49:15Z</time></trkpt><trkpt lat="42.865936" lon="-8.563121"><ele>205.476</ele><time>2021-09-14T15:49:19Z</time></trkpt><trkpt lat="42.865964" lon="-8.563171"><ele>205.661</ele><time>2021-09-14T15:49:24Z</time></trkpt><trkpt lat="42.865996" lon="-8.563125"><ele>205.887</ele><time>2021-09-14T15:49:28Z</time></trkpt><trkpt lat="42.866039" lon="-8.563077"><ele>206.312</ele><time>2021-09-14T15:49:32Z</time></trkpt><trkpt lat="42.866090" lon="-8.563030"><ele>206.797</ele><time>2021-09-14T15:49:36Z</time></trkpt><trkpt lat="42.866122" lon="-8.562969"><ele>207.479</ele><time>2021-09-14T15:49:40Z</time></trkpt><trkpt lat="42.866162" lon="-8.562911"><ele>208.086</ele><time>2021-09-14T15:49:44Z</time></trkpt><trkpt lat="42.866192" lon="-8.562860"><ele>208.398</ele><time>2021-09-14T15:49:48Z</time></trkpt><trkpt lat="42.866234" lon="-8.562812"><ele>208.515</ele><time>2021-09-14T15:49:53Z</time></trkpt><trkpt lat="42.866282" lon="-8.562800"><ele>208.726</ele><time>2021-09-14T15:49:58Z</time></trkpt><trkpt lat="42.866332" lon="-8.562828"><ele>208.808</ele><time>2021-09-14T15:50:02Z</time></trkpt><trkpt lat="42.866364" lon="-8.562891"><ele>209.227</ele><time>2021-09-14T15:50:13Z</time></trkpt><trkpt lat="42.866411" lon="-8.562909"><ele>209.272</ele><time>2021-09-14T15:50:17Z</time></trkpt><trkpt lat="42.866457" lon="-8.562893"><ele>209.367</ele><time>2021-09-14T15:50:21Z</time></trkpt><trkpt lat="42.866501" lon="-8.562859"><ele>209.443</ele><time>2021-09-14T15:50:25Z</time></trkpt><trkpt lat="42.866556" lon="-8.562831"><ele>209.588</ele><time>2021-09-14T15:50:30Z</time></trkpt><trkpt lat="42.866603" lon="-8.562807"><ele>210.023</ele><time>2021-09-14T15:50:35Z</time></trkpt><trkpt lat="42.866655" lon="-8.562780"><ele>210.285</ele><time>2021-09-14T15:50:40Z</time></trkpt><trkpt lat="42.866704" lon="-8.562756"><ele>210.592</ele><time>2021-09-14T15:50:45Z</time></trkpt><trkpt lat="42.866746" lon="-8.562718"><ele>210.687</ele><time>2021-09-14T15:50:49Z</time></trkpt><trkpt lat="42.866785" lon="-8.562674"><ele>211.242</ele><time>2021-09-14T15:50:53Z</time></trkpt><trkpt lat="42.866819" lon="-8.562614"><ele>211.826</ele><time>2021-09-14T15:50:58Z</time></trkpt><trkpt lat="42.866859" lon="-8.562583"><ele>212.008</ele><time>2021-09-14T15:51:02Z</time></trkpt><trkpt lat="42.866900" lon="-8.562547"><ele>212.556</ele><time>2021-09-14T15:51:06Z</time></trkpt><trkpt lat="42.866938" lon="-8.562502"><ele>212.921</ele><time>2021-09-14T15:51:10Z</time></trkpt><trkpt lat="42.866988" lon="-8.562476"><ele>213.076</ele><time>2021-09-14T15:51:14Z</time></trkpt><trkpt lat="42.867033" lon="-8.562442"><ele>213.482</ele><time>2021-09-14T15:51:18Z</time></trkpt><trkpt lat="42.867080" lon="-8.562397"><ele>213.687</ele><time>2021-09-14T15:51:23Z</time></trkpt><trkpt lat="42.867120" lon="-8.562365"><ele>213.892</ele><time>2021-09-14T15:51:27Z</time></trkpt><trkpt lat="42.867164" lon="-8.562332"><ele>214.694</ele><time>2021-09-14T15:51:31Z</time></trkpt><trkpt lat="42.867215" lon="-8.562297"><ele>214.881</ele><time>2021-09-14T15:51:36Z</time></trkpt><trkpt lat="42.867257" lon="-8.562268"><ele>215.669</ele><time>2021-09-14T15:51:40Z</time></trkpt><trkpt lat="42.867308" lon="-8.562242"><ele>216.204</ele><time>2021-09-14T15:51:45Z</time></trkpt><trkpt lat="42.867353" lon="-8.562227"><ele>216.624</ele><time>2021-09-14T15:51:50Z</time></trkpt><trkpt lat="42.867398" lon="-8.562190"><ele>216.808</ele><time>2021-09-14T15:51:55Z</time></trkpt><trkpt lat="42.867444" lon="-8.562156"><ele>217.374</ele><time>2021-09-14T15:52:00Z</time></trkpt><trkpt lat="42.867487" lon="-8.562128"><ele>217.939</ele><time>2021-09-14T15:52:05Z</time></trkpt><trkpt lat="42.867536" lon="-8.562127"><ele>218.414</ele><time>2021-09-14T15:52:10Z</time></trkpt><trkpt lat="42.867563" lon="-8.562185"><ele>219.340</ele><time>2021-09-14T15:52:15Z</time></trkpt><trkpt lat="42.867565" lon="-8.562248"><ele>220.285</ele><time>2021-09-14T15:52:24Z</time></trkpt><trkpt lat="42.867601" lon="-8.562284"><ele>220.660</ele><time>2021-09-14T15:53:02Z</time></trkpt><trkpt lat="42.867647" lon="-8.562243"><ele>220.612</ele><time>2021-09-14T15:53:10Z</time></trkpt><trkpt lat="42.867672" lon="-8.562184"><ele>220.649</ele><time>2021-09-14T15:53:14Z</time></trkpt><trkpt lat="42.867709" lon="-8.562130"><ele>220.776</ele><time>2021-09-14T15:53:18Z</time></trkpt><trkpt lat="42.867744" lon="-8.562081"><ele>220.890</ele><time>2021-09-14T15:53:22Z</time></trkpt><trkpt lat="42.867776" lon="-8.562031"><ele>221.319</ele><time>2021-09-14T15:53:26Z</time></trkpt><trkpt lat="42.867810" lon="-8.561981"><ele>221.608</ele><time>2021-09-14T15:53:30Z</time></trkpt><trkpt lat="42.867842" lon="-8.561925"><ele>221.635</ele><time>2021-09-14T15:53:34Z</time></trkpt><trkpt lat="42.867874" lon="-8.561870"><ele>221.720</ele><time>2021-09-14T15:53:39Z</time></trkpt><trkpt lat="42.867922" lon="-8.561846"><ele>221.825</ele><time>2021-09-14T15:53:43Z</time></trkpt><trkpt lat="42.867968" lon="-8.561841"><ele>222.441</ele><time>2021-09-14T15:54:03Z</time></trkpt><trkpt lat="42.867991" lon="-8.561785"><ele>222.416</ele><time>2021-09-14T15:54:07Z</time></trkpt><trkpt lat="42.868029" lon="-8.561748"><ele>222.511</ele><time>2021-09-14T15:54:12Z</time></trkpt><trkpt lat="42.868063" lon="-8.561695"><ele>222.693</ele><time>2021-09-14T15:54:16Z</time></trkpt><trkpt lat="42.868096" lon="-8.561635"><ele>222.730</ele><time>2021-09-14T15:54:20Z</time></trkpt><trkpt lat="42.868125" lon="-8.561580"><ele>222.821</ele><time>2021-09-14T15:54:25Z</time></trkpt><trkpt lat="42.868157" lon="-8.561535"><ele>222.941</ele><time>2021-09-14T15:54:28Z</time></trkpt><trkpt lat="42.868182" lon="-8.561481"><ele>222.905</ele><time>2021-09-14T15:54:32Z</time></trkpt><trkpt lat="42.868202" lon="-8.561412"><ele>223.008</ele><time>2021-09-14T15:54:35Z</time></trkpt><trkpt lat="42.868227" lon="-8.561359"><ele>223.310</ele><time>2021-09-14T15:54:38Z</time></trkpt><trkpt lat="42.868264" lon="-8.561303"><ele>223.495</ele><time>2021-09-14T15:54:42Z</time></trkpt><trkpt lat="42.868301" lon="-8.561267"><ele>223.480</ele><time>2021-09-14T15:54:46Z</time></trkpt><trkpt lat="42.868333" lon="-8.561223"><ele>223.386</ele><time>2021-09-14T15:54:51Z</time></trkpt><trkpt lat="42.868377" lon="-8.561190"><ele>223.281</ele><time>2021-09-14T15:54:55Z</time></trkpt><trkpt lat="42.868412" lon="-8.561139"><ele>223.046</ele><time>2021-09-14T15:54:59Z</time></trkpt><trkpt lat="42.868453" lon="-8.561080"><ele>222.928</ele><time>2021-09-14T15:55:03Z</time></trkpt><trkpt lat="42.868489" lon="-8.561019"><ele>222.975</ele><time>2021-09-14T15:55:07Z</time></trkpt><trkpt lat="42.868528" lon="-8.560968"><ele>223.094</ele><time>2021-09-14T15:55:12Z</time></trkpt><trkpt lat="42.868575" lon="-8.560925"><ele>223.157</ele><time>2021-09-14T15:55:16Z</time></trkpt><trkpt lat="42.868609" lon="-8.560872"><ele>223.222</ele><time>2021-09-14T15:55:20Z</time></trkpt><trkpt lat="42.868645" lon="-8.560835"><ele>223.308</ele><time>2021-09-14T15:55:26Z</time></trkpt><trkpt lat="42.868691" lon="-8.560816"><ele>223.497</ele><time>2021-09-14T15:55:32Z</time></trkpt><trkpt lat="42.868735" lon="-8.560786"><ele>223.572</ele><time>2021-09-14T15:55:37Z</time></trkpt><trkpt lat="42.868746" lon="-8.560725"><ele>223.687</ele><time>2021-09-14T15:55:40Z</time></trkpt><trkpt lat="42.868788" lon="-8.560668"><ele>223.723</ele><time>2021-09-14T15:55:44Z</time></trkpt><trkpt lat="42.868816" lon="-8.560609"><ele>223.858</ele><time>2021-09-14T15:55:47Z</time></trkpt><trkpt lat="42.868850" lon="-8.560542"><ele>224.163</ele><time>2021-09-14T15:55:51Z</time></trkpt><trkpt lat="42.868872" lon="-8.560483"><ele>224.325</ele><time>2021-09-14T15:55:54Z</time></trkpt><trkpt lat="42.868913" lon="-8.560439"><ele>224.482</ele><time>2021-09-14T15:55:59Z</time></trkpt><trkpt lat="42.868955" lon="-8.560383"><ele>224.789</ele><time>2021-09-14T15:56:04Z</time></trkpt><trkpt lat="42.868987" lon="-8.560321"><ele>224.906</ele><time>2021-09-14T15:56:08Z</time></trkpt><trkpt lat="42.869016" lon="-8.560254"><ele>225.226</ele><time>2021-09-14T15:56:12Z</time></trkpt><trkpt lat="42.869050" lon="-8.560187"><ele>225.308</ele><time>2021-09-14T15:56:16Z</time></trkpt><trkpt lat="42.869092" lon="-8.560138"><ele>225.886</ele><time>2021-09-14T15:56:20Z</time></trkpt><trkpt lat="42.869128" lon="-8.560080"><ele>225.921</ele><time>2021-09-14T15:56:24Z</time></trkpt><trkpt lat="42.869166" lon="-8.560024"><ele>226.426</ele><time>2021-09-14T15:56:29Z</time></trkpt><trkpt lat="42.869207" lon="-8.559975"><ele>226.592</ele><time>2021-09-14T15:56:33Z</time></trkpt><trkpt lat="42.869241" lon="-8.559933"><ele>226.727</ele><time>2021-09-14T15:56:37Z</time></trkpt><trkpt lat="42.869281" lon="-8.559896"><ele>226.872</ele><time>2021-09-14T15:56:41Z</time></trkpt><trkpt lat="42.869313" lon="-8.559836"><ele>227.194</ele><time>2021-09-14T15:56:46Z</time></trkpt><trkpt lat="42.869334" lon="-8.559771"><ele>227.541</ele><time>2021-09-14T15:56:51Z</time></trkpt><trkpt lat="42.869345" lon="-8.559709"><ele>227.895</ele><time>2021-09-14T15:56:55Z</time></trkpt><trkpt lat="42.869375" lon="-8.559645"><ele>228.549</ele><time>2021-09-14T15:56:59Z</time></trkpt><trkpt lat="42.869416" lon="-8.559604"><ele>229.023</ele><time>2021-09-14T15:57:04Z</time></trkpt><trkpt lat="42.869449" lon="-8.559562"><ele>229.308</ele><time>2021-09-14T15:57:07Z</time></trkpt><trkpt lat="42.869468" lon="-8.559504"><ele>229.767</ele><time>2021-09-14T15:57:11Z</time></trkpt><trkpt lat="42.869499" lon="-8.559448"><ele>229.842</ele><time>2021-09-14T15:57:15Z</time></trkpt><trkpt lat="42.869533" lon="-8.559379"><ele>229.987</ele><time>2021-09-14T15:57:19Z</time></trkpt><trkpt lat="42.869555" lon="-8.559323"><ele>230.353</ele><time>2021-09-14T15:57:22Z</time></trkpt><trkpt lat="42.869578" lon="-8.559262"><ele>230.618</ele><time>2021-09-14T15:57:25Z</time></trkpt><trkpt lat="42.869594" lon="-8.559203"><ele>230.833</ele><time>2021-09-14T15:57:29Z</time></trkpt><trkpt lat="42.869641" lon="-8.559158"><ele>231.135</ele><time>2021-09-14T15:57:34Z</time></trkpt><trkpt lat="42.869692" lon="-8.559134"><ele>231.422</ele><time>2021-09-14T15:57:38Z</time></trkpt><trkpt lat="42.869734" lon="-8.559094"><ele>231.558</ele><time>2021-09-14T15:57:42Z</time></trkpt><trkpt lat="42.869771" lon="-8.559046"><ele>231.752</ele><time>2021-09-14T15:57:45Z</time></trkpt><trkpt lat="42.869805" lon="-8.558999"><ele>231.917</ele><time>2021-09-14T15:57:49Z</time></trkpt><trkpt lat="42.869856" lon="-8.558979"><ele>232.208</ele><time>2021-09-14T15:57:53Z</time></trkpt><trkpt lat="42.869887" lon="-8.558923"><ele>232.383</ele><time>2021-09-14T15:57:58Z</time></trkpt><trkpt lat="42.869916" lon="-8.558863"><ele>232.718</ele><time>2021-09-14T15:58:02Z</time></trkpt><trkpt lat="42.869936" lon="-8.558802"><ele>232.823</ele><time>2021-09-14T15:58:05Z</time></trkpt><trkpt lat="42.869956" lon="-8.558732"><ele>233.219</ele><time>2021-09-14T15:58:09Z</time></trkpt><trkpt lat="42.869982" lon="-8.558673"><ele>233.324</ele><time>2021-09-14T15:58:12Z</time></trkpt><trkpt lat="42.870029" lon="-8.558639"><ele>233.499</ele><time>2021-09-14T15:58:15Z</time></trkpt><trkpt lat="42.870057" lon="-8.558583"><ele>233.981</ele><time>2021-09-14T15:58:24Z</time></trkpt><trkpt lat="42.870082" lon="-8.558525"><ele>234.218</ele><time>2021-09-14T15:58:29Z</time></trkpt><trkpt lat="42.870117" lon="-8.558459"><ele>234.324</ele><time>2021-09-14T15:58:33Z</time></trkpt><trkpt lat="42.870154" lon="-8.558397"><ele>234.604</ele><time>2021-09-14T15:58:36Z</time></trkpt><trkpt lat="42.870182" lon="-8.558334"><ele>234.814</ele><time>2021-09-14T15:58:39Z</time></trkpt><trkpt lat="42.870196" lon="-8.558266"><ele>235.208</ele><time>2021-09-14T15:58:42Z</time></trkpt><trkpt lat="42.870216" lon="-8.558206"><ele>235.440</ele><time>2021-09-14T15:58:46Z</time></trkpt><trkpt lat="42.870256" lon="-8.558152"><ele>235.555</ele><time>2021-09-14T15:58:50Z</time></trkpt><trkpt lat="42.870327" lon="-8.558157"><ele>235.650</ele><time>2021-09-14T15:58:54Z</time></trkpt><trkpt lat="42.870375" lon="-8.558115"><ele>236.086</ele><time>2021-09-14T15:58:59Z</time></trkpt><trkpt lat="42.870397" lon="-8.558056"><ele>236.111</ele><time>2021-09-14T15:59:03Z</time></trkpt><trkpt lat="42.870415" lon="-8.557999"><ele>236.366</ele><time>2021-09-14T15:59:06Z</time></trkpt><trkpt lat="42.870450" lon="-8.557950"><ele>236.538</ele><time>2021-09-14T15:59:10Z</time></trkpt><trkpt lat="42.870497" lon="-8.557925"><ele>236.635</ele><time>2021-09-14T15:59:13Z</time></trkpt><trkpt lat="42.870547" lon="-8.557921"><ele>236.828</ele><time>2021-09-14T15:59:16Z</time></trkpt><trkpt lat="42.870598" lon="-8.557876"><ele>237.089</ele><time>2021-09-14T15:59:21Z</time></trkpt><trkpt lat="42.870630" lon="-8.557822"><ele>237.117</ele><time>2021-09-14T15:59:24Z</time></trkpt><trkpt lat="42.870669" lon="-8.557774"><ele>237.308</ele><time>2021-09-14T15:59:28Z</time></trkpt><trkpt lat="42.870708" lon="-8.557732"><ele>237.710</ele><time>2021-09-14T15:59:32Z</time></trkpt><trkpt lat="42.870727" lon="-8.557663"><ele>238.015</ele><time>2021-09-14T15:59:37Z</time></trkpt><trkpt lat="42.870751" lon="-8.557611"><ele>238.140</ele><time>2021-09-14T15:59:40Z</time></trkpt><trkpt lat="42.870777" lon="-8.557545"><ele>238.526</ele><time>2021-09-14T15:59:45Z</time></trkpt><trkpt lat="42.870809" lon="-8.557488"><ele>238.791</ele><time>2021-09-14T15:59:49Z</time></trkpt><trkpt lat="42.870837" lon="-8.557428"><ele>238.886</ele><time>2021-09-14T15:59:53Z</time></trkpt><trkpt lat="42.870862" lon="-8.557364"><ele>239.168</ele><time>2021-09-14T15:59:57Z</time></trkpt><trkpt lat="42.870906" lon="-8.557317"><ele>239.355</ele><time>2021-09-14T16:00:01Z</time></trkpt><trkpt lat="42.870961" lon="-8.557303"><ele>239.492</ele><time>2021-09-14T16:00:05Z</time></trkpt><trkpt lat="42.871012" lon="-8.557276"><ele>239.573</ele><time>2021-09-14T16:00:09Z</time></trkpt><trkpt lat="42.871052" lon="-8.557230"><ele>239.920</ele><time>2021-09-14T16:00:13Z</time></trkpt><trkpt lat="42.871088" lon="-8.557176"><ele>240.208</ele><time>2021-09-14T16:00:17Z</time></trkpt><trkpt lat="42.871125" lon="-8.557135"><ele>240.437</ele><time>2021-09-14T16:00:20Z</time></trkpt><trkpt lat="42.871156" lon="-8.557078"><ele>240.782</ele><time>2021-09-14T16:00:24Z</time></trkpt><trkpt lat="42.871186" lon="-8.557017"><ele>240.927</ele><time>2021-09-14T16:00:28Z</time></trkpt><trkpt lat="42.871222" lon="-8.556969"><ele>241.143</ele><time>2021-09-14T16:00:32Z</time></trkpt><trkpt lat="42.871245" lon="-8.556913"><ele>241.358</ele><time>2021-09-14T16:00:36Z</time></trkpt><trkpt lat="42.871277" lon="-8.556853"><ele>241.653</ele><time>2021-09-14T16:00:42Z</time></trkpt><trkpt lat="42.871315" lon="-8.556784"><ele>241.835</ele><time>2021-09-14T16:00:46Z</time></trkpt><trkpt lat="42.871345" lon="-8.556735"><ele>242.122</ele><time>2021-09-14T16:00:49Z</time></trkpt><trkpt lat="42.871380" lon="-8.556675"><ele>242.324</ele><time>2021-09-14T16:00:53Z</time></trkpt><trkpt lat="42.871409" lon="-8.556617"><ele>242.304</ele><time>2021-09-14T16:00:57Z</time></trkpt><trkpt lat="42.871453" lon="-8.556573"><ele>242.414</ele><time>2021-09-14T16:01:00Z</time></trkpt><trkpt lat="42.871480" lon="-8.556512"><ele>242.608</ele><time>2021-09-14T16:01:04Z</time></trkpt><trkpt lat="42.871520" lon="-8.556459"><ele>242.850</ele><time>2021-09-14T16:01:09Z</time></trkpt><trkpt lat="42.871566" lon="-8.556411"><ele>243.015</ele><time>2021-09-14T16:01:13Z</time></trkpt><trkpt lat="42.871595" lon="-8.556353"><ele>243.280</ele><time>2021-09-14T16:01:17Z</time></trkpt><trkpt lat="42.871609" lon="-8.556288"><ele>243.566</ele><time>2021-09-14T16:01:22Z</time></trkpt><trkpt lat="42.871637" lon="-8.556218"><ele>243.751</ele><time>2021-09-14T16:01:27Z</time></trkpt><trkpt lat="42.871679" lon="-8.556159"><ele>243.956</ele><time>2021-09-14T16:01:31Z</time></trkpt><trkpt lat="42.871708" lon="-8.556111"><ele>244.188</ele><time>2021-09-14T16:01:35Z</time></trkpt><trkpt lat="42.871734" lon="-8.556044"><ele>244.365</ele><time>2021-09-14T16:01:40Z</time></trkpt><trkpt lat="42.871752" lon="-8.555978"><ele>244.733</ele><time>2021-09-14T16:01:45Z</time></trkpt><trkpt lat="42.871776" lon="-8.555915"><ele>244.923</ele><time>2021-09-14T16:01:49Z</time></trkpt><trkpt lat="42.871795" lon="-8.555858"><ele>245.215</ele><time>2021-09-14T16:01:52Z</time></trkpt><trkpt lat="42.871833" lon="-8.555803"><ele>245.508</ele><time>2021-09-14T16:01:56Z</time></trkpt><trkpt lat="42.871866" lon="-8.555750"><ele>245.741</ele><time>2021-09-14T16:02:00Z</time></trkpt><trkpt lat="42.871900" lon="-8.555704"><ele>245.946</ele><time>2021-09-14T16:02:05Z</time></trkpt><trkpt lat="42.871939" lon="-8.555645"><ele>246.181</ele><time>2021-09-14T16:02:09Z</time></trkpt><trkpt lat="42.871977" lon="-8.555599"><ele>246.497</ele><time>2021-09-14T16:02:13Z</time></trkpt><trkpt lat="42.872019" lon="-8.555549"><ele>246.672</ele><time>2021-09-14T16:02:16Z</time></trkpt><trkpt lat="42.872064" lon="-8.555532"><ele>246.847</ele><time>2021-09-14T16:02:19Z</time></trkpt><trkpt lat="42.872111" lon="-8.555491"><ele>246.939</ele><time>2021-09-14T16:02:23Z</time></trkpt><trkpt lat="42.872161" lon="-8.555497"><ele>246.936</ele><time>2021-09-14T16:02:27Z</time></trkpt><trkpt lat="42.872160" lon="-8.555429"><ele>246.891</ele><time>2021-09-14T16:02:35Z</time></trkpt><trkpt lat="42.872142" lon="-8.555358"><ele>246.881</ele><time>2021-09-14T16:02:41Z</time></trkpt><trkpt lat="42.872151" lon="-8.555295"><ele>246.619</ele><time>2021-09-14T16:02:44Z</time></trkpt><trkpt lat="42.872152" lon="-8.555216"><ele>246.608</ele><time>2021-09-14T16:02:48Z</time></trkpt><trkpt lat="42.872156" lon="-8.555148"><ele>246.837</ele><time>2021-09-14T16:02:52Z</time></trkpt><trkpt lat="42.872161" lon="-8.555080"><ele>247.112</ele><time>2021-09-14T16:02:56Z</time></trkpt><trkpt lat="42.872163" lon="-8.555010"><ele>247.257</ele><time>2021-09-14T16:02:59Z</time></trkpt><trkpt lat="42.872168" lon="-8.554948"><ele>247.273</ele><time>2021-09-14T16:03:02Z</time></trkpt><trkpt lat="42.872154" lon="-8.554869"><ele>247.248</ele><time>2021-09-14T16:03:06Z</time></trkpt><trkpt lat="42.872143" lon="-8.554805"><ele>247.433</ele><time>2021-09-14T16:03:09Z</time></trkpt><trkpt lat="42.872142" lon="-8.554740"><ele>247.485</ele><time>2021-09-14T16:03:12Z</time></trkpt><trkpt lat="42.872166" lon="-8.554674"><ele>247.442</ele><time>2021-09-14T16:03:15Z</time></trkpt><trkpt lat="42.872187" lon="-8.554607"><ele>247.415</ele><time>2021-09-14T16:03:19Z</time></trkpt><trkpt lat="42.872209" lon="-8.554543"><ele>247.465</ele><time>2021-09-14T16:03:22Z</time></trkpt><trkpt lat="42.872235" lon="-8.554465"><ele>247.411</ele><time>2021-09-14T16:03:25Z</time></trkpt><trkpt lat="42.872256" lon="-8.554404"><ele>247.508</ele><time>2021-09-14T16:03:28Z</time></trkpt><trkpt lat="42.872285" lon="-8.554337"><ele>247.789</ele><time>2021-09-14T16:03:32Z</time></trkpt><trkpt lat="42.872319" lon="-8.554272"><ele>247.744</ele><time>2021-09-14T16:03:36Z</time></trkpt><trkpt lat="42.872345" lon="-8.554217"><ele>247.739</ele><time>2021-09-14T16:03:39Z</time></trkpt><trkpt lat="42.872371" lon="-8.554164"><ele>247.735</ele><time>2021-09-14T16:03:42Z</time></trkpt><trkpt lat="42.872404" lon="-8.554112"><ele>247.780</ele><time>2021-09-14T16:03:46Z</time></trkpt><trkpt lat="42.872434" lon="-8.554040"><ele>247.885</ele><time>2021-09-14T16:03:50Z</time></trkpt><trkpt lat="42.872465" lon="-8.553991"><ele>247.957</ele><time>2021-09-14T16:03:54Z</time></trkpt><trkpt lat="42.872506" lon="-8.553949"><ele>247.914</ele><time>2021-09-14T16:04:01Z</time></trkpt><trkpt lat="42.872556" lon="-8.553902"><ele>247.971</ele><time>2021-09-14T16:04:05Z</time></trkpt><trkpt lat="42.872588" lon="-8.553833"><ele>247.941</ele><time>2021-09-14T16:04:08Z</time></trkpt><trkpt lat="42.872618" lon="-8.553785"><ele>248.015</ele><time>2021-09-14T16:04:11Z</time></trkpt><trkpt lat="42.872659" lon="-8.553733"><ele>248.108</ele><time>2021-09-14T16:04:16Z</time></trkpt><trkpt lat="42.872698" lon="-8.553677"><ele>248.295</ele><time>2021-09-14T16:04:20Z</time></trkpt><trkpt lat="42.872733" lon="-8.553614"><ele>248.150</ele><time>2021-09-14T16:04:25Z</time></trkpt><trkpt lat="42.872772" lon="-8.553566"><ele>248.255</ele><time>2021-09-14T16:04:30Z</time></trkpt><trkpt lat="42.872813" lon="-8.553527"><ele>248.411</ele><time>2021-09-14T16:04:34Z</time></trkpt><trkpt lat="42.872855" lon="-8.553482"><ele>248.586</ele><time>2021-09-14T16:04:38Z</time></trkpt><trkpt lat="42.872903" lon="-8.553443"><ele>248.541</ele><time>2021-09-14T16:04:42Z</time></trkpt><trkpt lat="42.872949" lon="-8.553429"><ele>248.763</ele><time>2021-09-14T16:04:44Z</time></trkpt><trkpt lat="42.872995" lon="-8.553450"><ele>248.530</ele><time>2021-09-14T16:04:46Z</time></trkpt><trkpt lat="42.873027" lon="-8.553497"><ele>248.463</ele><time>2021-09-14T16:04:47Z</time></trkpt><trkpt lat="42.873065" lon="-8.553579"><ele>248.144</ele><time>2021-09-14T16:04:49Z</time></trkpt><trkpt lat="42.873097" lon="-8.553644"><ele>248.018</ele><time>2021-09-14T16:04:51Z</time></trkpt><trkpt lat="42.873133" lon="-8.553720"><ele>247.108</ele><time>2021-09-14T16:04:53Z</time></trkpt><trkpt lat="42.873170" lon="-8.553757"><ele>246.854</ele><time>2021-09-14T16:04:56Z</time></trkpt><trkpt lat="42.873216" lon="-8.553740"><ele>246.849</ele><time>2021-09-14T16:05:06Z</time></trkpt><trkpt lat="42.873260" lon="-8.553764"><ele>246.894</ele><time>2021-09-14T16:05:10Z</time></trkpt><trkpt lat="42.873250" lon="-8.553700"><ele>246.770</ele><time>2021-09-14T16:05:19Z</time></trkpt><trkpt lat="42.873273" lon="-8.553627"><ele>246.745</ele><time>2021-09-14T16:05:24Z</time></trkpt><trkpt lat="42.873260" lon="-8.553568"><ele>246.790</ele><time>2021-09-14T16:05:27Z</time></trkpt><trkpt lat="42.873233" lon="-8.553498"><ele>246.732</ele><time>2021-09-14T16:05:31Z</time></trkpt><trkpt lat="42.873222" lon="-8.553432"><ele>246.969</ele><time>2021-09-14T16:05:34Z</time></trkpt><trkpt lat="42.873236" lon="-8.553369"><ele>247.979</ele><time>2021-09-14T16:05:41Z</time></trkpt><trkpt lat="42.873264" lon="-8.553313"><ele>248.305</ele><time>2021-09-14T16:05:43Z</time></trkpt><trkpt lat="42.873290" lon="-8.553243"><ele>248.525</ele><time>2021-09-14T16:05:45Z</time></trkpt><trkpt lat="42.873310" lon="-8.553162"><ele>248.708</ele><time>2021-09-14T16:05:47Z</time></trkpt><trkpt lat="42.873322" lon="-8.553100"><ele>248.875</ele><time>2021-09-14T16:05:49Z</time></trkpt><trkpt lat="42.873340" lon="-8.553030"><ele>248.950</ele><time>2021-09-14T16:05:53Z</time></trkpt><trkpt lat="42.873350" lon="-8.552959"><ele>248.865</ele><time>2021-09-14T16:05:57Z</time></trkpt><trkpt lat="42.873373" lon="-8.552872"><ele>248.871</ele><time>2021-09-14T16:06:00Z</time></trkpt><trkpt lat="42.873395" lon="-8.552817"><ele>248.896</ele><time>2021-09-14T16:06:03Z</time></trkpt><trkpt lat="42.873428" lon="-8.552749"><ele>248.991</ele><time>2021-09-14T16:06:07Z</time></trkpt><trkpt lat="42.873461" lon="-8.552692"><ele>249.083</ele><time>2021-09-14T16:06:11Z</time></trkpt><trkpt lat="42.873494" lon="-8.552638"><ele>249.120</ele><time>2021-09-14T16:06:15Z</time></trkpt><trkpt lat="42.873531" lon="-8.552602"><ele>249.111</ele><time>2021-09-14T16:06:20Z</time></trkpt><trkpt lat="42.873567" lon="-8.552545"><ele>249.121</ele><time>2021-09-14T16:06:26Z</time></trkpt><trkpt lat="42.873607" lon="-8.552490"><ele>249.103</ele><time>2021-09-14T16:06:30Z</time></trkpt><trkpt lat="42.873642" lon="-8.552438"><ele>249.208</ele><time>2021-09-14T16:06:35Z</time></trkpt><trkpt lat="42.873689" lon="-8.552406"><ele>249.299</ele><time>2021-09-14T16:06:39Z</time></trkpt><trkpt lat="42.873734" lon="-8.552366"><ele>249.274</ele><time>2021-09-14T16:06:43Z</time></trkpt><trkpt lat="42.873774" lon="-8.552336"><ele>249.269</ele><time>2021-09-14T16:06:47Z</time></trkpt><trkpt lat="42.873818" lon="-8.552308"><ele>249.235</ele><time>2021-09-14T16:06:51Z</time></trkpt><trkpt lat="42.873869" lon="-8.552286"><ele>249.250</ele><time>2021-09-14T16:06:55Z</time></trkpt><trkpt lat="42.873908" lon="-8.552254"><ele>249.115</ele><time>2021-09-14T16:06:58Z</time></trkpt><trkpt lat="42.873953" lon="-8.552212"><ele>249.177</ele><time>2021-09-14T16:07:02Z</time></trkpt><trkpt lat="42.873983" lon="-8.552160"><ele>249.134</ele><time>2021-09-14T16:07:05Z</time></trkpt><trkpt lat="42.874022" lon="-8.552102"><ele>249.121</ele><time>2021-09-14T16:07:08Z</time></trkpt><trkpt lat="42.874057" lon="-8.552050"><ele>249.141</ele><time>2021-09-14T16:07:12Z</time></trkpt><trkpt lat="42.874095" lon="-8.552000"><ele>249.105</ele><time>2021-09-14T16:07:16Z</time></trkpt><trkpt lat="42.874139" lon="-8.551955"><ele>249.108</ele><time>2021-09-14T16:07:20Z</time></trkpt><trkpt lat="42.874173" lon="-8.551914"><ele>249.160</ele><time>2021-09-14T16:07:23Z</time></trkpt><trkpt lat="42.874216" lon="-8.551854"><ele>248.945</ele><time>2021-09-14T16:07:28Z</time></trkpt><trkpt lat="42.874246" lon="-8.551795"><ele>248.980</ele><time>2021-09-14T16:07:32Z</time></trkpt><trkpt lat="42.874284" lon="-8.551754"><ele>248.916</ele><time>2021-09-14T16:07:36Z</time></trkpt><trkpt lat="42.874322" lon="-8.551717"><ele>248.871</ele><time>2021-09-14T16:07:40Z</time></trkpt><trkpt lat="42.874353" lon="-8.551665"><ele>248.956</ele><time>2021-09-14T16:07:44Z</time></trkpt><trkpt lat="42.874393" lon="-8.551611"><ele>249.098</ele><time>2021-09-14T16:07:48Z</time></trkpt><trkpt lat="42.874432" lon="-8.551581"><ele>249.175</ele><time>2021-09-14T16:07:52Z</time></trkpt><trkpt lat="42.874477" lon="-8.551553"><ele>249.481</ele><time>2021-09-14T16:07:55Z</time></trkpt><trkpt lat="42.874517" lon="-8.551513"><ele>249.461</ele><time>2021-09-14T16:07:59Z</time></trkpt><trkpt lat="42.874554" lon="-8.551476"><ele>249.317</ele><time>2021-09-14T16:08:02Z</time></trkpt><trkpt lat="42.874595" lon="-8.551420"><ele>249.308</ele><time>2021-09-14T16:08:06Z</time></trkpt><trkpt lat="42.874630" lon="-8.551371"><ele>249.316</ele><time>2021-09-14T16:08:09Z</time></trkpt><trkpt lat="42.874670" lon="-8.551318"><ele>249.281</ele><time>2021-09-14T16:08:12Z</time></trkpt><trkpt lat="42.874711" lon="-8.551272"><ele>249.346</ele><time>2021-09-14T16:08:16Z</time></trkpt><trkpt lat="42.874739" lon="-8.551217"><ele>249.472</ele><time>2021-09-14T16:08:20Z</time></trkpt><trkpt lat="42.874765" lon="-8.551157"><ele>249.677</ele><time>2021-09-14T16:08:24Z</time></trkpt><trkpt lat="42.874805" lon="-8.551103"><ele>249.762</ele><time>2021-09-14T16:08:28Z</time></trkpt><trkpt lat="42.874849" lon="-8.551088"><ele>249.724</ele><time>2021-09-14T16:08:32Z</time></trkpt><trkpt lat="42.874893" lon="-8.551074"><ele>249.831</ele><time>2021-09-14T16:08:35Z</time></trkpt><trkpt lat="42.874920" lon="-8.551020"><ele>249.982</ele><time>2021-09-14T16:08:38Z</time></trkpt><trkpt lat="42.874944" lon="-8.550966"><ele>250.043</ele><time>2021-09-14T16:08:41Z</time></trkpt><trkpt lat="42.874970" lon="-8.550915"><ele>250.117</ele><time>2021-09-14T16:08:44Z</time></trkpt><trkpt lat="42.874993" lon="-8.550863"><ele>250.208</ele><time>2021-09-14T16:08:47Z</time></trkpt><trkpt lat="42.875016" lon="-8.550810"><ele>250.466</ele><time>2021-09-14T16:08:50Z</time></trkpt><trkpt lat="42.875047" lon="-8.550757"><ele>250.711</ele><time>2021-09-14T16:08:53Z</time></trkpt><trkpt lat="42.875083" lon="-8.550697"><ele>250.946</ele><time>2021-09-14T16:08:57Z</time></trkpt><trkpt lat="42.875124" lon="-8.550647"><ele>251.132</ele><time>2021-09-14T16:09:01Z</time></trkpt><trkpt lat="42.875161" lon="-8.550597"><ele>251.477</ele><time>2021-09-14T16:09:05Z</time></trkpt><trkpt lat="42.875192" lon="-8.550533"><ele>251.872</ele><time>2021-09-14T16:09:09Z</time></trkpt><trkpt lat="42.875228" lon="-8.550474"><ele>252.174</ele><time>2021-09-14T16:09:13Z</time></trkpt><trkpt lat="42.875267" lon="-8.550440"><ele>252.441</ele><time>2021-09-14T16:09:17Z</time></trkpt><trkpt lat="42.875314" lon="-8.550406"><ele>252.589</ele><time>2021-09-14T16:09:20Z</time></trkpt><trkpt lat="42.875361" lon="-8.550359"><ele>252.806</ele><time>2021-09-14T16:09:24Z</time></trkpt><trkpt lat="42.875389" lon="-8.550304"><ele>253.126</ele><time>2021-09-14T16:09:28Z</time></trkpt><trkpt lat="42.875410" lon="-8.550242"><ele>253.508</ele><time>2021-09-14T16:09:32Z</time></trkpt><trkpt lat="42.875446" lon="-8.550195"><ele>253.976</ele><time>2021-09-14T16:09:37Z</time></trkpt><trkpt lat="42.875471" lon="-8.550133"><ele>254.311</ele><time>2021-09-14T16:09:41Z</time></trkpt><trkpt lat="42.875473" lon="-8.550071"><ele>254.646</ele><time>2021-09-14T16:09:47Z</time></trkpt><trkpt lat="42.875511" lon="-8.550032"><ele>255.162</ele><time>2021-09-14T16:09:55Z</time></trkpt><trkpt lat="42.875544" lon="-8.549988"><ele>256.037</ele><time>2021-09-14T16:10:06Z</time></trkpt><trkpt lat="42.875559" lon="-8.549918"><ele>256.382</ele><time>2021-09-14T16:10:09Z</time></trkpt><trkpt lat="42.875580" lon="-8.549854"><ele>256.774</ele><time>2021-09-14T16:10:13Z</time></trkpt><trkpt lat="42.875608" lon="-8.549797"><ele>256.941</ele><time>2021-09-14T16:10:16Z</time></trkpt><trkpt lat="42.875634" lon="-8.549738"><ele>257.026</ele><time>2021-09-14T16:10:19Z</time></trkpt><trkpt lat="42.875656" lon="-8.549683"><ele>257.747</ele><time>2021-09-14T16:10:22Z</time></trkpt><trkpt lat="42.875686" lon="-8.549636"><ele>258.311</ele><time>2021-09-14T16:10:29Z</time></trkpt><trkpt lat="42.875704" lon="-8.549565"><ele>258.608</ele><time>2021-09-14T16:10:34Z</time></trkpt><trkpt lat="42.875724" lon="-8.549508"><ele>258.820</ele><time>2021-09-14T16:10:37Z</time></trkpt><trkpt lat="42.875749" lon="-8.549447"><ele>259.155</ele><time>2021-09-14T16:10:40Z</time></trkpt><trkpt lat="42.875777" lon="-8.549365"><ele>259.690</ele><time>2021-09-14T16:10:43Z</time></trkpt><trkpt lat="42.875802" lon="-8.549290"><ele>259.856</ele><time>2021-09-14T16:10:46Z</time></trkpt><trkpt lat="42.875832" lon="-8.549228"><ele>260.351</ele><time>2021-09-14T16:10:50Z</time></trkpt><trkpt lat="42.875850" lon="-8.549155"><ele>260.566</ele><time>2021-09-14T16:10:55Z</time></trkpt><trkpt lat="42.875871" lon="-8.549099"><ele>260.728</ele><time>2021-09-14T16:10:58Z</time></trkpt><trkpt lat="42.875906" lon="-8.549037"><ele>260.835</ele><time>2021-09-14T16:11:02Z</time></trkpt><trkpt lat="42.875937" lon="-8.548968"><ele>261.131</ele><time>2021-09-14T16:11:06Z</time></trkpt><trkpt lat="42.875946" lon="-8.548891"><ele>261.861</ele><time>2021-09-14T16:11:08Z</time></trkpt><trkpt lat="42.875993" lon="-8.548884"><ele>262.107</ele><time>2021-09-14T16:11:15Z</time></trkpt><trkpt lat="42.876033" lon="-8.548841"><ele>262.508</ele><time>2021-09-14T16:11:20Z</time></trkpt><trkpt lat="42.876060" lon="-8.548783"><ele>262.751</ele><time>2021-09-14T16:11:24Z</time></trkpt><trkpt lat="42.876087" lon="-8.548722"><ele>262.786</ele><time>2021-09-14T16:11:28Z</time></trkpt><trkpt lat="42.876122" lon="-8.548672"><ele>262.871</ele><time>2021-09-14T16:11:32Z</time></trkpt><trkpt lat="42.876162" lon="-8.548620"><ele>262.957</ele><time>2021-09-14T16:11:37Z</time></trkpt><trkpt lat="42.876185" lon="-8.548550"><ele>262.942</ele><time>2021-09-14T16:11:41Z</time></trkpt><trkpt lat="42.876197" lon="-8.548488"><ele>262.987</ele><time>2021-09-14T16:11:46Z</time></trkpt><trkpt lat="42.876212" lon="-8.548425"><ele>262.979</ele><time>2021-09-14T16:11:50Z</time></trkpt><trkpt lat="42.876230" lon="-8.548359"><ele>263.026</ele><time>2021-09-14T16:11:54Z</time></trkpt><trkpt lat="42.876261" lon="-8.548292"><ele>263.062</ele><time>2021-09-14T16:11:58Z</time></trkpt><trkpt lat="42.876292" lon="-8.548231"><ele>262.983</ele><time>2021-09-14T16:12:02Z</time></trkpt><trkpt lat="42.876314" lon="-8.548163"><ele>263.211</ele><time>2021-09-14T16:12:06Z</time></trkpt><trkpt lat="42.876324" lon="-8.548097"><ele>263.108</ele><time>2021-09-14T16:12:09Z</time></trkpt><trkpt lat="42.876353" lon="-8.548050"><ele>262.954</ele><time>2021-09-14T16:12:12Z</time></trkpt><trkpt lat="42.876387" lon="-8.547999"><ele>263.189</ele><time>2021-09-14T16:12:18Z</time></trkpt><trkpt lat="42.876423" lon="-8.547948"><ele>263.434</ele><time>2021-09-14T16:12:38Z</time></trkpt><trkpt lat="42.876454" lon="-8.547882"><ele>263.440</ele><time>2021-09-14T16:12:41Z</time></trkpt><trkpt lat="42.876465" lon="-8.547814"><ele>263.535</ele><time>2021-09-14T16:12:45Z</time></trkpt><trkpt lat="42.876483" lon="-8.547742"><ele>263.520</ele><time>2021-09-14T16:12:50Z</time></trkpt><trkpt lat="42.876497" lon="-8.547677"><ele>263.432</ele><time>2021-09-14T16:12:55Z</time></trkpt><trkpt lat="42.876519" lon="-8.547619"><ele>263.479</ele><time>2021-09-14T16:12:59Z</time></trkpt><trkpt lat="42.876541" lon="-8.547550"><ele>263.488</ele><time>2021-09-14T16:13:04Z</time></trkpt><trkpt lat="42.876564" lon="-8.547486"><ele>263.424</ele><time>2021-09-14T16:13:09Z</time></trkpt><trkpt lat="42.876587" lon="-8.547432"><ele>263.526</ele><time>2021-09-14T16:13:12Z</time></trkpt><trkpt lat="42.876617" lon="-8.547378"><ele>263.508</ele><time>2021-09-14T16:13:16Z</time></trkpt><trkpt lat="42.876632" lon="-8.547298"><ele>263.636</ele><time>2021-09-14T16:13:23Z</time></trkpt><trkpt lat="42.876666" lon="-8.547241"><ele>263.611</ele><time>2021-09-14T16:13:27Z</time></trkpt><trkpt lat="42.876690" lon="-8.547185"><ele>263.616</ele><time>2021-09-14T16:13:31Z</time></trkpt><trkpt lat="42.876712" lon="-8.547112"><ele>263.662</ele><time>2021-09-14T16:13:36Z</time></trkpt><trkpt lat="42.876728" lon="-8.547045"><ele>263.637</ele><time>2021-09-14T16:13:40Z</time></trkpt><trkpt lat="42.876755" lon="-8.546983"><ele>263.772</ele><time>2021-09-14T16:13:44Z</time></trkpt><trkpt lat="42.876779" lon="-8.546917"><ele>263.744</ele><time>2021-09-14T16:13:49Z</time></trkpt><trkpt lat="42.876792" lon="-8.546850"><ele>263.751</ele><time>2021-09-14T16:13:53Z</time></trkpt><trkpt lat="42.876816" lon="-8.546785"><ele>263.871</ele><time>2021-09-14T16:13:57Z</time></trkpt><trkpt lat="42.876853" lon="-8.546749"><ele>263.841</ele><time>2021-09-14T16:14:00Z</time></trkpt><trkpt lat="42.876887" lon="-8.546686"><ele>263.815</ele><time>2021-09-14T16:14:04Z</time></trkpt><trkpt lat="42.876925" lon="-8.546626"><ele>263.808</ele><time>2021-09-14T16:14:09Z</time></trkpt><trkpt lat="42.876957" lon="-8.546558"><ele>263.985</ele><time>2021-09-14T16:14:13Z</time></trkpt><trkpt lat="42.876987" lon="-8.546505"><ele>263.990</ele><time>2021-09-14T16:14:17Z</time></trkpt><trkpt lat="42.877025" lon="-8.546453"><ele>263.975</ele><time>2021-09-14T16:14:21Z</time></trkpt><trkpt lat="42.877056" lon="-8.546400"><ele>264.031</ele><time>2021-09-14T16:14:25Z</time></trkpt><trkpt lat="42.877088" lon="-8.546345"><ele>264.116</ele><time>2021-09-14T16:14:30Z</time></trkpt><trkpt lat="42.877130" lon="-8.546298"><ele>264.151</ele><time>2021-09-14T16:14:34Z</time></trkpt><trkpt lat="42.877173" lon="-8.546266"><ele>264.283</ele><time>2021-09-14T16:14:38Z</time></trkpt><trkpt lat="42.877218" lon="-8.546244"><ele>264.490</ele><time>2021-09-14T16:14:42Z</time></trkpt><trkpt lat="42.877265" lon="-8.546246"><ele>264.514</ele><time>2021-09-14T16:14:45Z</time></trkpt><trkpt lat="42.877269" lon="-8.546167"><ele>264.754</ele><time>2021-09-14T16:14:56Z</time></trkpt><trkpt lat="42.877291" lon="-8.546106"><ele>264.809</ele><time>2021-09-14T16:15:00Z</time></trkpt><trkpt lat="42.877342" lon="-8.546100"><ele>264.908</ele><time>2021-09-14T16:15:05Z</time></trkpt><trkpt lat="42.877379" lon="-8.546139"><ele>264.929</ele><time>2021-09-14T16:15:09Z</time></trkpt><trkpt lat="42.877433" lon="-8.546139"><ele>264.994</ele><time>2021-09-14T16:15:14Z</time></trkpt><trkpt lat="42.877486" lon="-8.546152"><ele>264.949</ele><time>2021-09-14T16:15:18Z</time></trkpt><trkpt lat="42.877538" lon="-8.546172"><ele>264.875</ele><time>2021-09-14T16:15:24Z</time></trkpt><trkpt lat="42.877588" lon="-8.546171"><ele>264.710</ele><time>2021-09-14T16:15:28Z</time></trkpt><trkpt lat="42.877636" lon="-8.546197"><ele>264.485</ele><time>2021-09-14T16:15:32Z</time></trkpt><trkpt lat="42.877682" lon="-8.546239"><ele>264.267</ele><time>2021-09-14T16:15:36Z</time></trkpt><trkpt lat="42.877722" lon="-8.546270"><ele>263.824</ele><time>2021-09-14T16:15:40Z</time></trkpt><trkpt lat="42.877776" lon="-8.546298"><ele>263.742</ele><time>2021-09-14T16:15:44Z</time></trkpt><trkpt lat="42.877820" lon="-8.546325"><ele>263.622</ele><time>2021-09-14T16:15:48Z</time></trkpt><trkpt lat="42.877866" lon="-8.546354"><ele>263.514</ele><time>2021-09-14T16:15:52Z</time></trkpt><trkpt lat="42.877914" lon="-8.546366"><ele>263.108</ele><time>2021-09-14T16:15:56Z</time></trkpt><trkpt lat="42.877959" lon="-8.546399"><ele>262.962</ele><time>2021-09-14T16:16:01Z</time></trkpt><trkpt lat="42.878007" lon="-8.546392"><ele>262.827</ele><time>2021-09-14T16:16:04Z</time></trkpt><trkpt lat="42.878043" lon="-8.546350"><ele>262.612</ele><time>2021-09-14T16:16:06Z</time></trkpt><trkpt lat="42.878069" lon="-8.546283"><ele>262.688</ele><time>2021-09-14T16:16:07Z</time></trkpt><trkpt lat="42.878115" lon="-8.546186"><ele>262.523</ele><time>2021-09-14T16:16:09Z</time></trkpt><trkpt lat="42.878147" lon="-8.546129"><ele>262.268</ele><time>2021-09-14T16:16:12Z</time></trkpt><trkpt lat="42.878182" lon="-8.546079"><ele>261.810</ele><time>2021-09-14T16:16:20Z</time></trkpt><trkpt lat="42.878228" lon="-8.546027"><ele>261.747</ele><time>2021-09-14T16:16:24Z</time></trkpt><trkpt lat="42.878269" lon="-8.545980"><ele>261.797</ele><time>2021-09-14T16:16:27Z</time></trkpt><trkpt lat="42.878307" lon="-8.545927"><ele>261.723</ele><time>2021-09-14T16:16:31Z</time></trkpt><trkpt lat="42.878348" lon="-8.545891"><ele>261.725</ele><time>2021-09-14T16:16:38Z</time></trkpt><trkpt lat="42.878393" lon="-8.545911"><ele>261.708</ele><time>2021-09-14T16:16:41Z</time></trkpt><trkpt lat="42.878445" lon="-8.545911"><ele>261.787</ele><time>2021-09-14T16:16:44Z</time></trkpt><trkpt lat="42.878490" lon="-8.545929"><ele>261.712</ele><time>2021-09-14T16:16:47Z</time></trkpt><trkpt lat="42.878544" lon="-8.545944"><ele>261.617</ele><time>2021-09-14T16:16:52Z</time></trkpt><trkpt lat="42.878579" lon="-8.545987"><ele>261.523</ele><time>2021-09-14T16:16:57Z</time></trkpt><trkpt lat="42.878620" lon="-8.546012"><ele>261.428</ele><time>2021-09-14T16:17:00Z</time></trkpt><trkpt lat="42.878674" lon="-8.546020"><ele>261.213</ele><time>2021-09-14T16:17:04Z</time></trkpt><trkpt lat="42.878725" lon="-8.546032"><ele>261.195</ele><time>2021-09-14T16:17:08Z</time></trkpt><trkpt lat="42.878773" lon="-8.546039"><ele>261.082</ele><time>2021-09-14T16:17:14Z</time></trkpt><trkpt lat="42.878821" lon="-8.546035"><ele>261.021</ele><time>2021-09-14T16:17:17Z</time></trkpt><trkpt lat="42.878870" lon="-8.546022"><ele>260.741</ele><time>2021-09-14T16:17:21Z</time></trkpt><trkpt lat="42.878929" lon="-8.546018"><ele>260.405</ele><time>2021-09-14T16:17:26Z</time></trkpt><trkpt lat="42.878986" lon="-8.546009"><ele>260.308</ele><time>2021-09-14T16:17:30Z</time></trkpt><trkpt lat="42.879016" lon="-8.545940"><ele>260.250</ele><time>2021-09-14T16:17:32Z</time></trkpt><trkpt lat="42.879032" lon="-8.545866"><ele>260.015</ele><time>2021-09-14T16:17:36Z</time></trkpt><trkpt lat="42.879039" lon="-8.545789"><ele>260.070</ele><time>2021-09-14T16:17:40Z</time></trkpt><trkpt lat="42.879064" lon="-8.545721"><ele>260.046</ele><time>2021-09-14T16:17:44Z</time></trkpt><trkpt lat="42.879089" lon="-8.545661"><ele>260.121</ele><time>2021-09-14T16:17:48Z</time></trkpt><trkpt lat="42.879087" lon="-8.545587"><ele>260.436</ele><time>2021-09-14T16:17:52Z</time></trkpt><trkpt lat="42.879076" lon="-8.545522"><ele>260.638</ele><time>2021-09-14T16:17:57Z</time></trkpt><trkpt lat="42.879079" lon="-8.545450"><ele>260.725</ele><time>2021-09-14T16:18:01Z</time></trkpt><trkpt lat="42.879078" lon="-8.545387"><ele>260.844</ele><time>2021-09-14T16:18:04Z</time></trkpt><trkpt lat="42.879059" lon="-8.545318"><ele>260.905</ele><time>2021-09-14T16:18:08Z</time></trkpt><trkpt lat="42.879052" lon="-8.545256"><ele>261.015</ele><time>2021-09-14T16:18:12Z</time></trkpt><trkpt lat="42.879020" lon="-8.545200"><ele>261.208</ele><time>2021-09-14T16:18:17Z</time></trkpt><trkpt lat="42.879031" lon="-8.545138"><ele>261.452</ele><time>2021-09-14T16:18:21Z</time></trkpt><trkpt lat="42.879078" lon="-8.545101"><ele>261.557</ele><time>2021-09-14T16:18:26Z</time></trkpt><trkpt lat="42.879130" lon="-8.545102"><ele>261.692</ele><time>2021-09-14T16:18:31Z</time></trkpt><trkpt lat="42.879182" lon="-8.545092"><ele>261.798</ele><time>2021-09-14T16:18:36Z</time></trkpt><trkpt lat="42.879235" lon="-8.545065"><ele>261.763</ele><time>2021-09-14T16:18:40Z</time></trkpt><trkpt lat="42.879291" lon="-8.545039"><ele>261.868</ele><time>2021-09-14T16:18:45Z</time></trkpt><trkpt lat="42.879334" lon="-8.545004"><ele>261.950</ele><time>2021-09-14T16:18:48Z</time></trkpt><trkpt lat="42.879379" lon="-8.544954"><ele>262.157</ele><time>2021-09-14T16:18:52Z</time></trkpt><trkpt lat="42.879424" lon="-8.544939"><ele>262.466</ele><time>2021-09-14T16:18:56Z</time></trkpt><trkpt lat="42.879471" lon="-8.544959"><ele>262.529</ele><time>2021-09-14T16:19:00Z</time></trkpt><trkpt lat="42.879524" lon="-8.544979"><ele>262.921</ele><time>2021-09-14T16:19:05Z</time></trkpt><trkpt lat="42.879572" lon="-8.545017"><ele>263.108</ele><time>2021-09-14T16:19:10Z</time></trkpt><trkpt lat="42.879621" lon="-8.545072"><ele>263.374</ele><time>2021-09-14T16:19:14Z</time></trkpt><trkpt lat="42.879666" lon="-8.545097"><ele>263.439</ele><time>2021-09-14T16:19:18Z</time></trkpt><trkpt lat="42.879721" lon="-8.545099"><ele>263.674</ele><time>2021-09-14T16:19:23Z</time></trkpt><trkpt lat="42.879770" lon="-8.545106"><ele>263.770</ele><time>2021-09-14T16:19:27Z</time></trkpt><trkpt lat="42.879813" lon="-8.545128"><ele>264.185</ele><time>2021-09-14T16:19:30Z</time></trkpt><trkpt lat="42.879853" lon="-8.545159"><ele>264.210</ele><time>2021-09-14T16:19:34Z</time></trkpt><trkpt lat="42.879905" lon="-8.545172"><ele>264.352</ele><time>2021-09-14T16:19:39Z</time></trkpt><trkpt lat="42.879958" lon="-8.545185"><ele>264.579</ele><time>2021-09-14T16:19:43Z</time></trkpt><trkpt lat="42.880007" lon="-8.545199"><ele>264.795</ele><time>2021-09-14T16:19:47Z</time></trkpt><trkpt lat="42.880054" lon="-8.545200"><ele>264.849</ele><time>2021-09-14T16:19:51Z</time></trkpt><trkpt lat="42.880090" lon="-8.545247"><ele>265.023</ele><time>2021-09-14T16:19:54Z</time></trkpt><trkpt lat="42.880137" lon="-8.545272"><ele>265.108</ele><time>2021-09-14T16:19:57Z</time></trkpt><trkpt lat="42.880180" lon="-8.545301"><ele>265.317</ele><time>2021-09-14T16:20:00Z</time></trkpt><trkpt lat="42.880227" lon="-8.545333"><ele>265.492</ele><time>2021-09-14T16:20:06Z</time></trkpt><trkpt lat="42.880265" lon="-8.545388"><ele>265.757</ele><time>2021-09-14T16:20:10Z</time></trkpt><trkpt lat="42.880286" lon="-8.545443"><ele>265.863</ele><time>2021-09-14T16:20:20Z</time></trkpt><trkpt lat="42.880321" lon="-8.545492"><ele>265.938</ele><time>2021-09-14T16:20:31Z</time></trkpt><trkpt lat="42.880349" lon="-8.545550"><ele>265.923</ele><time>2021-09-14T16:20:38Z</time></trkpt><trkpt lat="42.880386" lon="-8.545592"><ele>265.955</ele><time>2021-09-14T16:20:46Z</time></trkpt><trkpt lat="42.880418" lon="-8.545638"><ele>265.862</ele><time>2021-09-14T16:21:25Z</time></trkpt><trkpt lat="42.880389" lon="-8.545688"><ele>265.742</ele><time>2021-09-14T16:21:42Z</time></trkpt><trkpt lat="42.880417" lon="-8.545740"><ele>265.622</ele><time>2021-09-14T16:22:35Z</time></trkpt><trkpt lat="42.880465" lon="-8.545762"><ele>265.614</ele><time>2021-09-14T16:22:44Z</time></trkpt><trkpt lat="42.879803" lon="-8.545163"><ele>265.608</ele><time>2021-09-14T16:33:09Z</time></trkpt><trkpt lat="42.880210" lon="-8.545407"><ele>265.672</ele><time>2021-09-14T16:33:12Z</time></trkpt><trkpt lat="42.880146" lon="-8.545366"><ele>265.637</ele><time>2021-09-14T16:33:17Z</time></trkpt><trkpt lat="42.880103" lon="-8.545285"><ele>266.072</ele><time>2021-09-14T16:33:23Z</time></trkpt><trkpt lat="42.879909" lon="-8.544949"><ele>266.278</ele><time>2021-09-14T16:33:26Z</time></trkpt><trkpt lat="42.879907" lon="-8.544875"><ele>266.423</ele><time>2021-09-14T16:33:31Z</time></trkpt><trkpt lat="42.879904" lon="-8.544801"><ele>266.688</ele><time>2021-09-14T16:33:37Z</time></trkpt><trkpt lat="42.879917" lon="-8.544738"><ele>266.730</ele><time>2021-09-14T16:33:42Z</time></trkpt><trkpt lat="42.879937" lon="-8.544646"><ele>267.017</ele><time>2021-09-14T16:33:51Z</time></trkpt><trkpt lat="42.879966" lon="-8.544578"><ele>267.386</ele><time>2021-09-14T16:33:54Z</time></trkpt><trkpt lat="42.879998" lon="-8.544516"><ele>267.660</ele><time>2021-09-14T16:33:57Z</time></trkpt><trkpt lat="42.880018" lon="-8.544449"><ele>267.826</ele><time>2021-09-14T16:34:02Z</time></trkpt><trkpt lat="42.880007" lon="-8.544377"><ele>268.708</ele><time>2021-09-14T16:34:12Z</time></trkpt><trkpt lat="42.880030" lon="-8.544320"><ele>269.156</ele><time>2021-09-14T16:34:25Z</time></trkpt><trkpt lat="42.880070" lon="-8.544285"><ele>269.341</ele><time>2021-09-14T16:34:31Z</time></trkpt><trkpt lat="42.880109" lon="-8.544238"><ele>269.426</ele><time>2021-09-14T16:34:36Z</time></trkpt><trkpt lat="42.880155" lon="-8.544272"><ele>269.932</ele><time>2021-09-14T16:34:53Z</time></trkpt><trkpt lat="42.880457" lon="-8.545472"><ele>269.967</ele><time>2021-09-14T16:37:20Z</time></trkpt></trkseg></trk></gpx>